id_postulante_grupo,fecha_asignacion,id_grupo,id_postulante
1,2024-07-22 08:00:00,1,41
2,2024-07-22 08:00:00,1,42
3,2024-07-22 08:00:00,1,43
4,2024-07-22 08:00:00,1,44
5,2024-07-22 08:00:00,1,45
6,2024-07-22 08:00:00,1,46
7,2024-07-22 08:00:00,1,47
8,2024-07-22 08:00:00,1,48
9,2024-07-22 08:00:00,1,49
10,2024-07-22 08:00:00,1,50
11,2024-07-22 08:00:00,1,51
12,2024-07-22 08:00:00,1,52
13,2024-07-22 08:00:00,1,53
14,2024-07-22 08:00:00,1,54
15,2024-07-22 08:00:00,1,55
16,2024-07-22 08:00:00,1,56
17,2024-07-22 08:00:00,1,57
18,2024-07-22 08:00:00,1,58
19,2024-07-22 08:00:00,1,59
20,2024-07-22 08:00:00,1,60
21,2024-07-22 08:00:00,1,61
22,2024-07-22 08:00:00,1,62
23,2024-07-22 08:00:00,1,63
24,2024-07-22 08:00:00,1,64
25,2024-07-22 08:00:00,1,65
26,2024-07-22 08:00:00,1,66
27,2024-07-22 08:00:00,1,67
28,2024-07-22 08:00:00,1,68
29,2024-07-22 08:00:00,1,69
30,2024-07-22 08:00:00,1,70
31,2024-07-22 08:00:00,1,71
32,2024-07-22 08:00:00,1,72
33,2024-07-22 08:00:00,1,73
34,2024-07-22 08:00:00,1,74
35,2024-07-22 08:00:00,1,75
36,2024-07-22 08:00:00,1,76
37,2024-07-22 08:00:00,1,77
38,2024-07-22 08:00:00,1,78
39,2024-07-22 08:00:00,1,79
40,2024-07-22 08:00:00,1,80
41,2024-07-22 08:00:00,1,81
42,2024-07-22 08:00:00,1,82
43,2024-07-22 08:00:00,1,83
44,2024-07-22 08:00:00,1,84
45,2024-07-22 08:00:00,1,85
46,2024-07-22 08:00:00,1,86
47,2024-07-22 08:00:00,1,87
48,2024-07-22 08:00:00,1,88
49,2024-07-22 08:00:00,1,89
50,2024-07-22 08:00:00,1,90
51,2024-07-22 08:00:00,1,91
52,2024-07-22 08:00:00,1,92
53,2024-07-22 08:00:00,1,93
54,2024-07-22 08:00:00,1,94
55,2024-07-22 08:00:00,1,95
56,2024-07-22 08:00:00,1,96
57,2024-07-22 08:00:00,1,97
58,2024-07-22 08:00:00,1,98
59,2024-07-22 08:00:00,1,99
60,2024-07-22 08:00:00,1,100
61,2024-07-22 08:00:00,2,101
62,2024-07-22 08:00:00,2,102
63,2024-07-22 08:00:00,2,103
64,2024-07-22 08:00:00,2,104
65,2024-07-22 08:00:00,2,105
66,2024-07-22 08:00:00,2,106
67,2024-07-22 08:00:00,2,107
68,2024-07-22 08:00:00,2,108
69,2024-07-22 08:00:00,2,109
70,2024-07-22 08:00:00,2,110
71,2024-07-22 08:00:00,2,111
72,2024-07-22 08:00:00,2,112
73,2024-07-22 08:00:00,2,113
74,2024-07-22 08:00:00,2,114
75,2024-07-22 08:00:00,2,115
76,2024-07-22 08:00:00,2,116
77,2024-07-22 08:00:00,2,117
78,2024-07-22 08:00:00,2,118
79,2024-07-22 08:00:00,2,119
80,2024-07-22 08:00:00,2,120
81,2024-07-22 08:00:00,2,121
82,2024-07-22 08:00:00,2,122
83,2024-07-22 08:00:00,2,123
84,2024-07-22 08:00:00,2,124
85,2024-07-22 08:00:00,2,125
86,2024-07-22 08:00:00,2,126
87,2024-07-22 08:00:00,2,127
88,2024-07-22 08:00:00,2,128
89,2024-07-22 08:00:00,2,129
90,2024-07-22 08:00:00,2,130
91,2024-07-22 08:00:00,2,131
92,2024-07-22 08:00:00,2,132
93,2024-07-22 08:00:00,2,133
94,2024-07-22 08:00:00,2,134
95,2024-07-22 08:00:00,2,135
96,2024-07-22 08:00:00,2,136
97,2024-07-22 08:00:00,2,137
98,2024-07-22 08:00:00,2,138
99,2024-07-22 08:00:00,2,139
100,2024-07-22 08:00:00,2,140
101,2024-07-22 08:00:00,2,141
102,2024-07-22 08:00:00,2,142
103,2024-07-22 08:00:00,2,143
104,2024-07-22 08:00:00,2,144
105,2024-07-22 08:00:00,2,145
106,2024-07-22 08:00:00,2,146
107,2024-07-22 08:00:00,2,147
108,2024-07-22 08:00:00,2,148
109,2024-07-22 08:00:00,2,149
110,2024-07-22 08:00:00,2,150
111,2024-07-22 08:00:00,2,151
112,2024-07-22 08:00:00,2,152
113,2024-07-22 08:00:00,2,153
114,2024-07-22 08:00:00,2,154
115,2024-07-22 08:00:00,2,155
116,2024-07-22 08:00:00,2,156
117,2024-07-22 08:00:00,2,157
118,2024-07-22 08:00:00,2,158
119,2024-07-22 08:00:00,2,159
120,2024-07-22 08:00:00,2,160
121,2024-07-22 08:00:00,3,161
122,2024-07-22 08:00:00,3,162
123,2024-07-22 08:00:00,3,163
124,2024-07-22 08:00:00,3,164
125,2024-07-22 08:00:00,3,165
126,2024-07-22 08:00:00,3,166
127,2024-07-22 08:00:00,3,167
128,2024-07-22 08:00:00,3,168
129,2024-07-22 08:00:00,3,169
130,2024-07-22 08:00:00,3,170
131,2024-07-22 08:00:00,3,171
132,2024-07-22 08:00:00,3,172
133,2024-07-22 08:00:00,3,173
134,2024-07-22 08:00:00,3,174
135,2024-07-22 08:00:00,3,175
136,2024-07-22 08:00:00,3,176
137,2024-07-22 08:00:00,3,177
138,2024-07-22 08:00:00,3,178
139,2024-07-22 08:00:00,3,179
140,2024-07-22 08:00:00,3,180
141,2024-07-22 08:00:00,3,181
142,2024-07-22 08:00:00,3,182
143,2024-07-22 08:00:00,3,183
144,2024-07-22 08:00:00,3,184
145,2024-07-22 08:00:00,3,185
146,2024-07-22 08:00:00,3,186
147,2024-07-22 08:00:00,3,187
148,2024-07-22 08:00:00,3,188
149,2024-07-22 08:00:00,3,189
150,2024-07-22 08:00:00,3,190
151,2024-07-22 08:00:00,3,191
152,2024-07-22 08:00:00,3,192
153,2024-07-22 08:00:00,3,193
154,2024-07-22 08:00:00,3,194
155,2024-07-22 08:00:00,3,195
156,2024-07-22 08:00:00,3,196
157,2024-07-22 08:00:00,3,197
158,2024-07-22 08:00:00,3,198
159,2024-07-22 08:00:00,3,199
160,2024-07-22 08:00:00,3,200
161,2024-07-22 08:00:00,3,201
162,2024-07-22 08:00:00,3,202
163,2024-07-22 08:00:00,3,203
164,2024-07-22 08:00:00,3,204
165,2024-07-22 08:00:00,3,205
166,2024-07-22 08:00:00,3,206
167,2024-07-22 08:00:00,3,207
168,2024-07-22 08:00:00,3,208
169,2024-07-22 08:00:00,3,209
170,2024-07-22 08:00:00,3,210
171,2024-07-22 08:00:00,3,211
172,2024-07-22 08:00:00,3,212
173,2024-07-22 08:00:00,3,213
174,2024-07-22 08:00:00,3,214
175,2024-07-22 08:00:00,3,215
176,2024-07-22 08:00:00,3,216
177,2024-07-22 08:00:00,3,217
178,2024-07-22 08:00:00,3,218
179,2024-07-22 08:00:00,3,219
180,2024-07-22 08:00:00,3,220
181,2024-07-22 08:00:00,4,221
182,2024-07-22 08:00:00,4,222
183,2024-07-22 08:00:00,4,223
184,2024-07-22 08:00:00,4,224
185,2024-07-22 08:00:00,4,225
186,2024-07-22 08:00:00,4,226
187,2024-07-22 08:00:00,4,227
188,2024-07-22 08:00:00,4,228
189,2024-07-22 08:00:00,4,229
190,2024-07-22 08:00:00,4,230
191,2024-07-22 08:00:00,4,231
192,2024-07-22 08:00:00,4,232
193,2024-07-22 08:00:00,4,233
194,2024-07-22 08:00:00,4,234
195,2024-07-22 08:00:00,4,235
196,2024-07-22 08:00:00,4,236
197,2024-07-22 08:00:00,4,237
198,2024-07-22 08:00:00,4,238
199,2024-07-22 08:00:00,4,239
200,2024-07-22 08:00:00,4,240
201,2024-07-22 08:00:00,4,241
202,2024-07-22 08:00:00,4,242
203,2024-07-22 08:00:00,4,243
204,2024-07-22 08:00:00,4,244
205,2024-07-22 08:00:00,4,245
206,2024-07-22 08:00:00,4,246
207,2024-07-22 08:00:00,4,247
208,2024-07-22 08:00:00,4,248
209,2024-07-22 08:00:00,4,249
210,2024-07-22 08:00:00,4,250
211,2024-07-22 08:00:00,4,251
212,2024-07-22 08:00:00,4,252
213,2024-07-22 08:00:00,4,253
214,2024-07-22 08:00:00,4,254
215,2024-07-22 08:00:00,4,255
216,2024-07-22 08:00:00,4,256
217,2024-07-22 08:00:00,4,257
218,2024-07-22 08:00:00,4,258
219,2024-07-22 08:00:00,4,259
220,2024-07-22 08:00:00,4,260
221,2024-07-22 08:00:00,4,261
222,2024-07-22 08:00:00,4,262
223,2024-07-22 08:00:00,4,263
224,2024-07-22 08:00:00,4,264
225,2024-07-22 08:00:00,4,265
226,2024-07-22 08:00:00,4,266
227,2024-07-22 08:00:00,4,267
228,2024-07-22 08:00:00,4,268
229,2024-07-22 08:00:00,4,269
230,2024-07-22 08:00:00,4,270
231,2024-07-22 08:00:00,4,271
232,2024-07-22 08:00:00,4,272
233,2024-07-22 08:00:00,4,273
234,2024-07-22 08:00:00,4,274
235,2024-07-22 08:00:00,4,275
236,2024-07-22 08:00:00,4,276
237,2024-07-22 08:00:00,4,277
238,2024-07-22 08:00:00,4,278
239,2024-07-22 08:00:00,4,279
240,2024-07-22 08:00:00,4,280
241,2024-07-22 08:00:00,5,281
242,2024-07-22 08:00:00,5,282
243,2024-07-22 08:00:00,5,283
244,2024-07-22 08:00:00,5,284
245,2024-07-22 08:00:00,5,285
246,2024-07-22 08:00:00,5,286
247,2024-07-22 08:00:00,5,287
248,2024-07-22 08:00:00,5,288
249,2024-07-22 08:00:00,5,289
250,2024-07-22 08:00:00,5,290
251,2024-07-22 08:00:00,5,291
252,2024-07-22 08:00:00,5,292
253,2024-07-22 08:00:00,5,293
254,2024-07-22 08:00:00,5,294
255,2024-07-22 08:00:00,5,295
256,2024-07-22 08:00:00,5,296
257,2024-07-22 08:00:00,5,297
258,2024-07-22 08:00:00,5,298
259,2024-07-22 08:00:00,5,299
260,2024-07-22 08:00:00,5,300
261,2024-07-22 08:00:00,5,301
262,2024-07-22 08:00:00,5,302
263,2024-07-22 08:00:00,5,303
264,2024-07-22 08:00:00,5,304
265,2024-07-22 08:00:00,5,305
266,2024-07-22 08:00:00,5,306
267,2024-07-22 08:00:00,5,307
268,2024-07-22 08:00:00,5,308
269,2024-07-22 08:00:00,5,309
270,2024-07-22 08:00:00,5,310
271,2024-07-22 08:00:00,5,311
272,2024-07-22 08:00:00,5,312
273,2024-07-22 08:00:00,5,313
274,2024-07-22 08:00:00,5,314
275,2024-07-22 08:00:00,5,315
276,2024-07-22 08:00:00,5,316
277,2024-07-22 08:00:00,5,317
278,2024-07-22 08:00:00,5,318
279,2024-07-22 08:00:00,5,319
280,2024-07-22 08:00:00,5,320
281,2024-07-22 08:00:00,5,321
282,2024-07-22 08:00:00,5,322
283,2024-07-22 08:00:00,5,323
284,2024-07-22 08:00:00,5,324
285,2024-07-22 08:00:00,5,325
286,2024-07-22 08:00:00,5,326
287,2024-07-22 08:00:00,5,327
288,2024-07-22 08:00:00,5,328
289,2024-07-22 08:00:00,5,329
290,2024-07-22 08:00:00,5,330
291,2024-07-22 08:00:00,5,331
292,2024-07-22 08:00:00,5,332
293,2024-07-22 08:00:00,5,333
294,2024-07-22 08:00:00,5,334
295,2024-07-22 08:00:00,5,335
296,2024-07-22 08:00:00,5,336
297,2024-07-22 08:00:00,5,337
298,2024-07-22 08:00:00,5,338
299,2024-07-22 08:00:00,5,339
300,2024-07-22 08:00:00,5,340
301,2025-02-02 08:00:00,6,341
302,2025-02-02 08:00:00,6,342
303,2025-02-02 08:00:00,6,343
304,2025-02-02 08:00:00,6,344
305,2025-02-02 08:00:00,6,345
306,2025-02-02 08:00:00,6,346
307,2025-02-02 08:00:00,6,347
308,2025-02-02 08:00:00,6,348
309,2025-02-02 08:00:00,6,349
310,2025-02-02 08:00:00,6,350
311,2025-02-02 08:00:00,6,351
312,2025-02-02 08:00:00,6,352
313,2025-02-02 08:00:00,6,353
314,2025-02-02 08:00:00,6,354
315,2025-02-02 08:00:00,6,355
316,2025-02-02 08:00:00,6,356
317,2025-02-02 08:00:00,6,357
318,2025-02-02 08:00:00,6,358
319,2025-02-02 08:00:00,6,359
320,2025-02-02 08:00:00,6,360
321,2025-02-02 08:00:00,6,361
322,2025-02-02 08:00:00,6,362
323,2025-02-02 08:00:00,6,363
324,2025-02-02 08:00:00,6,364
325,2025-02-02 08:00:00,6,365
326,2025-02-02 08:00:00,6,366
327,2025-02-02 08:00:00,6,367
328,2025-02-02 08:00:00,6,368
329,2025-02-02 08:00:00,6,369
330,2025-02-02 08:00:00,6,370
331,2025-02-02 08:00:00,6,371
332,2025-02-02 08:00:00,6,372
333,2025-02-02 08:00:00,6,373
334,2025-02-02 08:00:00,6,374
335,2025-02-02 08:00:00,6,375
336,2025-02-02 08:00:00,6,376
337,2025-02-02 08:00:00,6,377
338,2025-02-02 08:00:00,6,378
339,2025-02-02 08:00:00,6,379
340,2025-02-02 08:00:00,6,380
341,2025-02-02 08:00:00,6,381
342,2025-02-02 08:00:00,6,382
343,2025-02-02 08:00:00,6,383
344,2025-02-02 08:00:00,6,384
345,2025-02-02 08:00:00,6,385
346,2025-02-02 08:00:00,6,386
347,2025-02-02 08:00:00,6,387
348,2025-02-02 08:00:00,6,388
349,2025-02-02 08:00:00,6,389
350,2025-02-02 08:00:00,6,390
351,2025-02-02 08:00:00,6,391
352,2025-02-02 08:00:00,6,392
353,2025-02-02 08:00:00,6,393
354,2025-02-02 08:00:00,6,394
355,2025-02-02 08:00:00,6,395
356,2025-02-02 08:00:00,6,396
357,2025-02-02 08:00:00,6,397
358,2025-02-02 08:00:00,6,398
359,2025-02-02 08:00:00,6,399
360,2025-02-02 08:00:00,6,400
361,2025-02-02 08:00:00,7,401
362,2025-02-02 08:00:00,7,402
363,2025-02-02 08:00:00,7,403
364,2025-02-02 08:00:00,7,404
365,2025-02-02 08:00:00,7,405
366,2025-02-02 08:00:00,7,406
367,2025-02-02 08:00:00,7,407
368,2025-02-02 08:00:00,7,408
369,2025-02-02 08:00:00,7,409
370,2025-02-02 08:00:00,7,410
371,2025-02-02 08:00:00,7,411
372,2025-02-02 08:00:00,7,412
373,2025-02-02 08:00:00,7,413
374,2025-02-02 08:00:00,7,414
375,2025-02-02 08:00:00,7,415
376,2025-02-02 08:00:00,7,416
377,2025-02-02 08:00:00,7,417
378,2025-02-02 08:00:00,7,418
379,2025-02-02 08:00:00,7,419
380,2025-02-02 08:00:00,7,420
381,2025-02-02 08:00:00,7,421
382,2025-02-02 08:00:00,7,422
383,2025-02-02 08:00:00,7,423
384,2025-02-02 08:00:00,7,424
385,2025-02-02 08:00:00,7,425
386,2025-02-02 08:00:00,7,426
387,2025-02-02 08:00:00,7,427
388,2025-02-02 08:00:00,7,428
389,2025-02-02 08:00:00,7,429
390,2025-02-02 08:00:00,7,430
391,2025-02-02 08:00:00,7,431
392,2025-02-02 08:00:00,7,432
393,2025-02-02 08:00:00,7,433
394,2025-02-02 08:00:00,7,434
395,2025-02-02 08:00:00,7,435
396,2025-02-02 08:00:00,7,436
397,2025-02-02 08:00:00,7,437
398,2025-02-02 08:00:00,7,438
399,2025-02-02 08:00:00,7,439
400,2025-02-02 08:00:00,7,440
401,2025-02-02 08:00:00,7,441
402,2025-02-02 08:00:00,7,442
403,2025-02-02 08:00:00,7,443
404,2025-02-02 08:00:00,7,444
405,2025-02-02 08:00:00,7,445
406,2025-02-02 08:00:00,7,446
407,2025-02-02 08:00:00,7,447
408,2025-02-02 08:00:00,7,448
409,2025-02-02 08:00:00,7,449
410,2025-02-02 08:00:00,7,450
411,2025-02-02 08:00:00,7,451
412,2025-02-02 08:00:00,7,452
413,2025-02-02 08:00:00,7,453
414,2025-02-02 08:00:00,7,454
415,2025-02-02 08:00:00,7,455
416,2025-02-02 08:00:00,7,456
417,2025-02-02 08:00:00,7,457
418,2025-02-02 08:00:00,7,458
419,2025-02-02 08:00:00,7,459
420,2025-02-02 08:00:00,7,460
421,2025-02-02 08:00:00,8,461
422,2025-02-02 08:00:00,8,462
423,2025-02-02 08:00:00,8,463
424,2025-02-02 08:00:00,8,464
425,2025-02-02 08:00:00,8,465
426,2025-02-02 08:00:00,8,466
427,2025-02-02 08:00:00,8,467
428,2025-02-02 08:00:00,8,468
429,2025-02-02 08:00:00,8,469
430,2025-02-02 08:00:00,8,470
431,2025-02-02 08:00:00,8,471
432,2025-02-02 08:00:00,8,472
433,2025-02-02 08:00:00,8,473
434,2025-02-02 08:00:00,8,474
435,2025-02-02 08:00:00,8,475
436,2025-02-02 08:00:00,8,476
437,2025-02-02 08:00:00,8,477
438,2025-02-02 08:00:00,8,478
439,2025-02-02 08:00:00,8,479
440,2025-02-02 08:00:00,8,480
441,2025-02-02 08:00:00,8,481
442,2025-02-02 08:00:00,8,482
443,2025-02-02 08:00:00,8,483
444,2025-02-02 08:00:00,8,484
445,2025-02-02 08:00:00,8,485
446,2025-02-02 08:00:00,8,486
447,2025-02-02 08:00:00,8,487
448,2025-02-02 08:00:00,8,488
449,2025-02-02 08:00:00,8,489
450,2025-02-02 08:00:00,8,490
451,2025-02-02 08:00:00,8,491
452,2025-02-02 08:00:00,8,492
453,2025-02-02 08:00:00,8,493
454,2025-02-02 08:00:00,8,494
455,2025-02-02 08:00:00,8,495
456,2025-02-02 08:00:00,8,496
457,2025-02-02 08:00:00,8,497
458,2025-02-02 08:00:00,8,498
459,2025-02-02 08:00:00,8,499
460,2025-02-02 08:00:00,8,500
461,2025-02-02 08:00:00,8,501
462,2025-02-02 08:00:00,8,502
463,2025-02-02 08:00:00,8,503
464,2025-02-02 08:00:00,8,504
465,2025-02-02 08:00:00,8,505
466,2025-02-02 08:00:00,8,506
467,2025-02-02 08:00:00,8,507
468,2025-02-02 08:00:00,8,508
469,2025-02-02 08:00:00,8,509
470,2025-02-02 08:00:00,8,510
471,2025-02-02 08:00:00,8,511
472,2025-02-02 08:00:00,8,512
473,2025-02-02 08:00:00,8,513
474,2025-02-02 08:00:00,8,514
475,2025-02-02 08:00:00,8,515
476,2025-02-02 08:00:00,8,516
477,2025-02-02 08:00:00,8,517
478,2025-02-02 08:00:00,8,518
479,2025-02-02 08:00:00,8,519
480,2025-02-02 08:00:00,8,520
481,2025-02-02 08:00:00,9,521
482,2025-02-02 08:00:00,9,522
483,2025-02-02 08:00:00,9,523
484,2025-02-02 08:00:00,9,524
485,2025-02-02 08:00:00,9,525
486,2025-02-02 08:00:00,9,526
487,2025-02-02 08:00:00,9,527
488,2025-02-02 08:00:00,9,528
489,2025-02-02 08:00:00,9,529
490,2025-02-02 08:00:00,9,530
491,2025-02-02 08:00:00,9,531
492,2025-02-02 08:00:00,9,532
493,2025-02-02 08:00:00,9,533
494,2025-02-02 08:00:00,9,534
495,2025-02-02 08:00:00,9,535
496,2025-02-02 08:00:00,9,536
497,2025-02-02 08:00:00,9,537
498,2025-02-02 08:00:00,9,538
499,2025-02-02 08:00:00,9,539
500,2025-02-02 08:00:00,9,540
501,2025-02-02 08:00:00,9,541
502,2025-02-02 08:00:00,9,542
503,2025-02-02 08:00:00,9,543
504,2025-02-02 08:00:00,9,544
505,2025-02-02 08:00:00,9,545
506,2025-02-02 08:00:00,9,546
507,2025-02-02 08:00:00,9,547
508,2025-02-02 08:00:00,9,548
509,2025-02-02 08:00:00,9,549
510,2025-02-02 08:00:00,9,550
511,2025-02-02 08:00:00,9,551
512,2025-02-02 08:00:00,9,552
513,2025-02-02 08:00:00,9,553
514,2025-02-02 08:00:00,9,554
515,2025-02-02 08:00:00,9,555
516,2025-02-02 08:00:00,9,556
517,2025-02-02 08:00:00,9,557
518,2025-02-02 08:00:00,9,558
519,2025-02-02 08:00:00,9,559
520,2025-02-02 08:00:00,9,560
521,2025-02-02 08:00:00,9,561
522,2025-02-02 08:00:00,9,562
523,2025-02-02 08:00:00,9,563
524,2025-02-02 08:00:00,9,564
525,2025-02-02 08:00:00,9,565
526,2025-02-02 08:00:00,9,566
527,2025-02-02 08:00:00,9,567
528,2025-02-02 08:00:00,9,568
529,2025-02-02 08:00:00,9,569
530,2025-02-02 08:00:00,9,570
531,2025-02-02 08:00:00,9,571
532,2025-02-02 08:00:00,9,572
533,2025-02-02 08:00:00,9,573
534,2025-02-02 08:00:00,9,574
535,2025-02-02 08:00:00,9,575
536,2025-02-02 08:00:00,9,576
537,2025-02-02 08:00:00,9,577
538,2025-02-02 08:00:00,9,578
539,2025-02-02 08:00:00,9,579
540,2025-02-02 08:00:00,9,580
541,2025-02-02 08:00:00,10,581
542,2025-02-02 08:00:00,10,582
543,2025-02-02 08:00:00,10,583
544,2025-02-02 08:00:00,10,584
545,2025-02-02 08:00:00,10,585
546,2025-02-02 08:00:00,10,586
547,2025-02-02 08:00:00,10,587
548,2025-02-02 08:00:00,10,588
549,2025-02-02 08:00:00,10,589
550,2025-02-02 08:00:00,10,590
551,2025-02-02 08:00:00,10,591
552,2025-02-02 08:00:00,10,592
553,2025-02-02 08:00:00,10,593
554,2025-02-02 08:00:00,10,594
555,2025-02-02 08:00:00,10,595
556,2025-02-02 08:00:00,10,596
557,2025-02-02 08:00:00,10,597
558,2025-02-02 08:00:00,10,598
559,2025-02-02 08:00:00,10,599
560,2025-02-02 08:00:00,10,600
561,2025-02-02 08:00:00,10,601
562,2025-02-02 08:00:00,10,602
563,2025-02-02 08:00:00,10,603
564,2025-02-02 08:00:00,10,604
565,2025-02-02 08:00:00,10,605
566,2025-02-02 08:00:00,10,606
567,2025-02-02 08:00:00,10,607
568,2025-02-02 08:00:00,10,608
569,2025-02-02 08:00:00,10,609
570,2025-02-02 08:00:00,10,610
571,2025-02-02 08:00:00,10,611
572,2025-02-02 08:00:00,10,612
573,2025-02-02 08:00:00,10,613
574,2025-02-02 08:00:00,10,614
575,2025-02-02 08:00:00,10,615
576,2025-02-02 08:00:00,10,616
577,2025-02-02 08:00:00,10,617
578,2025-02-02 08:00:00,10,618
579,2025-02-02 08:00:00,10,619
580,2025-02-02 08:00:00,10,620
581,2025-02-02 08:00:00,10,621
582,2025-02-02 08:00:00,10,622
583,2025-02-02 08:00:00,10,623
584,2025-02-02 08:00:00,10,624
585,2025-02-02 08:00:00,10,625
586,2025-02-02 08:00:00,10,626
587,2025-02-02 08:00:00,10,627
588,2025-02-02 08:00:00,10,628
589,2025-02-02 08:00:00,10,629
590,2025-02-02 08:00:00,10,630
591,2025-02-02 08:00:00,10,631
592,2025-02-02 08:00:00,10,632
593,2025-02-02 08:00:00,10,633
594,2025-02-02 08:00:00,10,634
595,2025-02-02 08:00:00,10,635
596,2025-02-02 08:00:00,10,636
597,2025-02-02 08:00:00,10,637
598,2025-02-02 08:00:00,10,638
599,2025-02-02 08:00:00,10,639
600,2025-02-02 08:00:00,10,640
601,2025-02-02 08:00:00,11,641
602,2025-02-02 08:00:00,11,642
603,2025-02-02 08:00:00,11,643
604,2025-02-02 08:00:00,11,644
605,2025-02-02 08:00:00,11,645
606,2025-02-02 08:00:00,11,646
607,2025-02-02 08:00:00,11,647
608,2025-02-02 08:00:00,11,648
609,2025-02-02 08:00:00,11,649
610,2025-02-02 08:00:00,11,650
611,2025-02-02 08:00:00,11,651
612,2025-02-02 08:00:00,11,652
613,2025-02-02 08:00:00,11,653
614,2025-02-02 08:00:00,11,654
615,2025-02-02 08:00:00,11,655
616,2025-02-02 08:00:00,11,656
617,2025-02-02 08:00:00,11,657
618,2025-02-02 08:00:00,11,658
619,2025-02-02 08:00:00,11,659
620,2025-02-02 08:00:00,11,660
621,2025-07-24 08:00:00,12,661
622,2025-07-24 08:00:00,12,662
623,2025-07-24 08:00:00,12,663
624,2025-07-24 08:00:00,12,664
625,2025-07-24 08:00:00,12,665
626,2025-07-24 08:00:00,12,666
627,2025-07-24 08:00:00,12,667
628,2025-07-24 08:00:00,12,668
629,2025-07-24 08:00:00,12,669
630,2025-07-24 08:00:00,12,670
631,2025-07-24 08:00:00,12,671
632,2025-07-24 08:00:00,12,672
633,2025-07-24 08:00:00,12,673
634,2025-07-24 08:00:00,12,674
635,2025-07-24 08:00:00,12,675
636,2025-07-24 08:00:00,12,676
637,2025-07-24 08:00:00,12,677
638,2025-07-24 08:00:00,12,678
639,2025-07-24 08:00:00,12,679
640,2025-07-24 08:00:00,12,680
641,2025-07-24 08:00:00,12,681
642,2025-07-24 08:00:00,12,682
643,2025-07-24 08:00:00,12,683
644,2025-07-24 08:00:00,12,684
645,2025-07-24 08:00:00,12,685
646,2025-07-24 08:00:00,12,686
647,2025-07-24 08:00:00,12,687
648,2025-07-24 08:00:00,12,688
649,2025-07-24 08:00:00,12,689
650,2025-07-24 08:00:00,12,690
651,2025-07-24 08:00:00,12,691
652,2025-07-24 08:00:00,12,692
653,2025-07-24 08:00:00,12,693
654,2025-07-24 08:00:00,12,694
655,2025-07-24 08:00:00,12,695
656,2025-07-24 08:00:00,12,696
657,2025-07-24 08:00:00,12,697
658,2025-07-24 08:00:00,12,698
659,2025-07-24 08:00:00,12,699
660,2025-07-24 08:00:00,12,700
661,2025-07-24 08:00:00,12,701
662,2025-07-24 08:00:00,12,702
663,2025-07-24 08:00:00,12,703
664,2025-07-24 08:00:00,12,704
665,2025-07-24 08:00:00,12,705
666,2025-07-24 08:00:00,12,706
667,2025-07-24 08:00:00,12,707
668,2025-07-24 08:00:00,12,708
669,2025-07-24 08:00:00,12,709
670,2025-07-24 08:00:00,12,710
671,2025-07-24 08:00:00,12,711
672,2025-07-24 08:00:00,12,712
673,2025-07-24 08:00:00,12,713
674,2025-07-24 08:00:00,12,714
675,2025-07-24 08:00:00,12,715
676,2025-07-24 08:00:00,12,716
677,2025-07-24 08:00:00,12,717
678,2025-07-24 08:00:00,12,718
679,2025-07-24 08:00:00,12,719
680,2025-07-24 08:00:00,12,720
681,2025-07-24 08:00:00,13,721
682,2025-07-24 08:00:00,13,722
683,2025-07-24 08:00:00,13,723
684,2025-07-24 08:00:00,13,724
685,2025-07-24 08:00:00,13,725
686,2025-07-24 08:00:00,13,726
687,2025-07-24 08:00:00,13,727
688,2025-07-24 08:00:00,13,728
689,2025-07-24 08:00:00,13,729
690,2025-07-24 08:00:00,13,730
691,2025-07-24 08:00:00,13,731
692,2025-07-24 08:00:00,13,732
693,2025-07-24 08:00:00,13,733
694,2025-07-24 08:00:00,13,734
695,2025-07-24 08:00:00,13,735
696,2025-07-24 08:00:00,13,736
697,2025-07-24 08:00:00,13,737
698,2025-07-24 08:00:00,13,738
699,2025-07-24 08:00:00,13,739
700,2025-07-24 08:00:00,13,740
701,2025-07-24 08:00:00,13,741
702,2025-07-24 08:00:00,13,742
703,2025-07-24 08:00:00,13,743
704,2025-07-24 08:00:00,13,744
705,2025-07-24 08:00:00,13,745
706,2025-07-24 08:00:00,13,746
707,2025-07-24 08:00:00,13,747
708,2025-07-24 08:00:00,13,748
709,2025-07-24 08:00:00,13,749
710,2025-07-24 08:00:00,13,750
711,2025-07-24 08:00:00,13,751
712,2025-07-24 08:00:00,13,752
713,2025-07-24 08:00:00,13,753
714,2025-07-24 08:00:00,13,754
715,2025-07-24 08:00:00,13,755
716,2025-07-24 08:00:00,13,756
717,2025-07-24 08:00:00,13,757
718,2025-07-24 08:00:00,13,758
719,2025-07-24 08:00:00,13,759
720,2025-07-24 08:00:00,13,760
721,2025-07-24 08:00:00,13,761
722,2025-07-24 08:00:00,13,762
723,2025-07-24 08:00:00,13,763
724,2025-07-24 08:00:00,13,764
725,2025-07-24 08:00:00,13,765
726,2025-07-24 08:00:00,13,766
727,2025-07-24 08:00:00,13,767
728,2025-07-24 08:00:00,13,768
729,2025-07-24 08:00:00,13,769
730,2025-07-24 08:00:00,13,770
731,2025-07-24 08:00:00,13,771
732,2025-07-24 08:00:00,13,772
733,2025-07-24 08:00:00,13,773
734,2025-07-24 08:00:00,13,774
735,2025-07-24 08:00:00,13,775
736,2025-07-24 08:00:00,13,776
737,2025-07-24 08:00:00,13,777
738,2025-07-24 08:00:00,13,778
739,2025-07-24 08:00:00,13,779
740,2025-07-24 08:00:00,13,780
741,2025-07-24 08:00:00,14,781
742,2025-07-24 08:00:00,14,782
743,2025-07-24 08:00:00,14,783
744,2025-07-24 08:00:00,14,784
745,2025-07-24 08:00:00,14,785
746,2025-07-24 08:00:00,14,786
747,2025-07-24 08:00:00,14,787
748,2025-07-24 08:00:00,14,788
749,2025-07-24 08:00:00,14,789
750,2025-07-24 08:00:00,14,790
751,2025-07-24 08:00:00,14,791
752,2025-07-24 08:00:00,14,792
753,2025-07-24 08:00:00,14,793
754,2025-07-24 08:00:00,14,794
755,2025-07-24 08:00:00,14,795
756,2025-07-24 08:00:00,14,796
757,2025-07-24 08:00:00,14,797
758,2025-07-24 08:00:00,14,798
759,2025-07-24 08:00:00,14,799
760,2025-07-24 08:00:00,14,800
761,2025-07-24 08:00:00,14,801
762,2025-07-24 08:00:00,14,802
763,2025-07-24 08:00:00,14,803
764,2025-07-24 08:00:00,14,804
765,2025-07-24 08:00:00,14,805
766,2025-07-24 08:00:00,14,806
767,2025-07-24 08:00:00,14,807
768,2025-07-24 08:00:00,14,808
769,2025-07-24 08:00:00,14,809
770,2025-07-24 08:00:00,14,810
771,2025-07-24 08:00:00,14,811
772,2025-07-24 08:00:00,14,812
773,2025-07-24 08:00:00,14,813
774,2025-07-24 08:00:00,14,814
775,2025-07-24 08:00:00,14,815
776,2025-07-24 08:00:00,14,816
777,2025-07-24 08:00:00,14,817
778,2025-07-24 08:00:00,14,818
779,2025-07-24 08:00:00,14,819
780,2025-07-24 08:00:00,14,820
781,2025-07-24 08:00:00,14,821
782,2025-07-24 08:00:00,14,822
783,2025-07-24 08:00:00,14,823
784,2025-07-24 08:00:00,14,824
785,2025-07-24 08:00:00,14,825
786,2025-07-24 08:00:00,14,826
787,2025-07-24 08:00:00,14,827
788,2025-07-24 08:00:00,14,828
789,2025-07-24 08:00:00,14,829
790,2025-07-24 08:00:00,14,830
791,2025-07-24 08:00:00,14,831
792,2025-07-24 08:00:00,14,832
793,2025-07-24 08:00:00,14,833
794,2025-07-24 08:00:00,14,834
795,2025-07-24 08:00:00,14,835
796,2025-07-24 08:00:00,14,836
797,2025-07-24 08:00:00,14,837
798,2025-07-24 08:00:00,14,838
799,2025-07-24 08:00:00,14,839
800,2025-07-24 08:00:00,14,840
801,2025-07-24 08:00:00,15,841
802,2025-07-24 08:00:00,15,842
803,2025-07-24 08:00:00,15,843
804,2025-07-24 08:00:00,15,844
805,2025-07-24 08:00:00,15,845
806,2025-07-24 08:00:00,15,846
807,2025-07-24 08:00:00,15,847
808,2025-07-24 08:00:00,15,848
809,2025-07-24 08:00:00,15,849
810,2025-07-24 08:00:00,15,850
811,2025-07-24 08:00:00,15,851
812,2025-07-24 08:00:00,15,852
813,2025-07-24 08:00:00,15,853
814,2025-07-24 08:00:00,15,854
815,2025-07-24 08:00:00,15,855
816,2025-07-24 08:00:00,15,856
817,2025-07-24 08:00:00,15,857
818,2025-07-24 08:00:00,15,858
819,2025-07-24 08:00:00,15,859
820,2025-07-24 08:00:00,15,860
821,2025-07-24 08:00:00,15,861
822,2025-07-24 08:00:00,15,862
823,2025-07-24 08:00:00,15,863
824,2025-07-24 08:00:00,15,864
825,2025-07-24 08:00:00,15,865
826,2025-07-24 08:00:00,15,866
827,2025-07-24 08:00:00,15,867
828,2025-07-24 08:00:00,15,868
829,2025-07-24 08:00:00,15,869
830,2025-07-24 08:00:00,15,870
831,2025-07-24 08:00:00,15,871
832,2025-07-24 08:00:00,15,872
833,2025-07-24 08:00:00,15,873
834,2025-07-24 08:00:00,15,874
835,2025-07-24 08:00:00,15,875
836,2025-07-24 08:00:00,15,876
837,2025-07-24 08:00:00,15,877
838,2025-07-24 08:00:00,15,878
839,2025-07-24 08:00:00,15,879
840,2025-07-24 08:00:00,15,880
841,2025-07-24 08:00:00,15,881
842,2025-07-24 08:00:00,15,882
843,2025-07-24 08:00:00,15,883
844,2025-07-24 08:00:00,15,884
845,2025-07-24 08:00:00,15,885
846,2025-07-24 08:00:00,15,886
847,2025-07-24 08:00:00,15,887
848,2025-07-24 08:00:00,15,888
849,2025-07-24 08:00:00,15,889
850,2025-07-24 08:00:00,15,890
851,2025-07-24 08:00:00,15,891
852,2025-07-24 08:00:00,15,892
853,2025-07-24 08:00:00,15,893
854,2025-07-24 08:00:00,15,894
855,2025-07-24 08:00:00,15,895
856,2025-07-24 08:00:00,15,896
857,2025-07-24 08:00:00,15,897
858,2025-07-24 08:00:00,15,898
859,2025-07-24 08:00:00,15,899
860,2025-07-24 08:00:00,15,900
861,2025-07-24 08:00:00,16,901
862,2025-07-24 08:00:00,16,902
863,2025-07-24 08:00:00,16,903
864,2025-07-24 08:00:00,16,904
865,2025-07-24 08:00:00,16,905
866,2025-07-24 08:00:00,16,906
867,2025-07-24 08:00:00,16,907
868,2025-07-24 08:00:00,16,908
869,2025-07-24 08:00:00,16,909
870,2025-07-24 08:00:00,16,910
871,2025-07-24 08:00:00,16,911
872,2025-07-24 08:00:00,16,912
873,2025-07-24 08:00:00,16,913
874,2025-07-24 08:00:00,16,914
875,2025-07-24 08:00:00,16,915
876,2025-07-24 08:00:00,16,916
877,2025-07-24 08:00:00,16,917
878,2025-07-24 08:00:00,16,918
879,2025-07-24 08:00:00,16,919
880,2025-07-24 08:00:00,16,920
881,2025-07-24 08:00:00,16,921
882,2025-07-24 08:00:00,16,922
883,2025-07-24 08:00:00,16,923
884,2025-07-24 08:00:00,16,924
885,2025-07-24 08:00:00,16,925
886,2025-07-24 08:00:00,16,926
887,2025-07-24 08:00:00,16,927
888,2025-07-24 08:00:00,16,928
889,2025-07-24 08:00:00,16,929
890,2025-07-24 08:00:00,16,930
891,2025-07-24 08:00:00,16,931
892,2025-07-24 08:00:00,16,932
893,2025-07-24 08:00:00,16,933
894,2025-07-24 08:00:00,16,934
895,2025-07-24 08:00:00,16,935
896,2025-07-24 08:00:00,16,936
897,2025-07-24 08:00:00,16,937
898,2025-07-24 08:00:00,16,938
899,2025-07-24 08:00:00,16,939
900,2025-07-24 08:00:00,16,940
901,2025-07-24 08:00:00,16,941
902,2025-07-24 08:00:00,16,942
903,2025-07-24 08:00:00,16,943
904,2025-07-24 08:00:00,16,944
905,2025-07-24 08:00:00,16,945
906,2025-07-24 08:00:00,16,946
907,2025-07-24 08:00:00,16,947
908,2025-07-24 08:00:00,16,948
909,2025-07-24 08:00:00,16,949
910,2025-07-24 08:00:00,16,950
911,2025-07-24 08:00:00,16,951
912,2025-07-24 08:00:00,16,952
913,2025-07-24 08:00:00,16,953
914,2025-07-24 08:00:00,16,954
915,2025-07-24 08:00:00,16,955
916,2025-07-24 08:00:00,16,956
917,2025-07-24 08:00:00,16,957
918,2025-07-24 08:00:00,16,958
919,2025-07-24 08:00:00,16,959
920,2025-07-24 08:00:00,16,960
921,2025-07-24 08:00:00,17,961
922,2025-07-24 08:00:00,17,962
923,2025-07-24 08:00:00,17,963
924,2025-07-24 08:00:00,17,964
925,2025-07-24 08:00:00,17,965
926,2025-07-24 08:00:00,17,966
927,2025-07-24 08:00:00,17,967
928,2025-07-24 08:00:00,17,968
929,2025-07-24 08:00:00,17,969
930,2025-07-24 08:00:00,17,970
931,2025-07-24 08:00:00,17,971
932,2025-07-24 08:00:00,17,972
933,2025-07-24 08:00:00,17,973
934,2025-07-24 08:00:00,17,974
935,2025-07-24 08:00:00,17,975
936,2025-07-24 08:00:00,17,976
937,2025-07-24 08:00:00,17,977
938,2025-07-24 08:00:00,17,978
939,2025-07-24 08:00:00,17,979
940,2025-07-24 08:00:00,17,980
941,2025-07-24 08:00:00,17,981
942,2025-07-24 08:00:00,17,982
943,2025-07-24 08:00:00,17,983
944,2025-07-24 08:00:00,17,984
945,2025-07-24 08:00:00,17,985
946,2025-07-24 08:00:00,17,986
947,2025-07-24 08:00:00,17,987
948,2025-07-24 08:00:00,17,988
949,2025-07-24 08:00:00,17,989
950,2025-07-24 08:00:00,17,990
951,2025-07-24 08:00:00,17,991
952,2025-07-24 08:00:00,17,992
953,2025-07-24 08:00:00,17,993
954,2025-07-24 08:00:00,17,994
955,2025-07-24 08:00:00,17,995
956,2025-07-24 08:00:00,17,996
957,2025-07-24 08:00:00,17,997
958,2025-07-24 08:00:00,17,998
959,2025-07-24 08:00:00,17,999
960,2025-07-24 08:00:00,17,1000
