id_pago,monto,fecha_pago,estado,numero_transaccion,codigo_orden,metodo_pago,id_postulante
1,250.00,2024-07-15 10:00:00,Pagado,TXN000001,ORD000001,Libelula,41
2,250.00,2024-07-15 10:00:00,Pagado,TXN000002,ORD000002,Libelula,42
3,250.00,2024-07-15 10:00:00,Pagado,TXN000003,ORD000003,Libelula,43
4,250.00,2024-07-15 10:00:00,Pagado,TXN000004,ORD000004,Libelula,44
5,250.00,2024-07-15 10:00:00,Pagado,TXN000005,ORD000005,Libelula,45
6,250.00,2024-07-15 10:00:00,Pagado,TXN000006,ORD000006,Libelula,46
7,250.00,2024-07-15 10:00:00,Pagado,TXN000007,ORD000007,Libelula,47
8,250.00,2024-07-15 10:00:00,Pagado,TXN000008,ORD000008,Libelula,48
9,250.00,2024-07-15 10:00:00,Pagado,TXN000009,ORD000009,Libelula,49
10,250.00,2024-07-15 10:00:00,Pagado,TXN000010,ORD000010,Libelula,50
11,250.00,2024-07-15 10:00:00,Pagado,TXN000011,ORD000011,Libelula,51
12,250.00,2024-07-15 10:00:00,Pagado,TXN000012,ORD000012,Libelula,52
13,250.00,2024-07-15 10:00:00,Pagado,TXN000013,ORD000013,Libelula,53
14,250.00,2024-07-15 10:00:00,Pagado,TXN000014,ORD000014,Libelula,54
15,250.00,2024-07-15 10:00:00,Pagado,TXN000015,ORD000015,Libelula,55
16,250.00,2024-07-15 10:00:00,Pagado,TXN000016,ORD000016,Libelula,56
17,250.00,2024-07-15 10:00:00,Pagado,TXN000017,ORD000017,Libelula,57
18,250.00,2024-07-15 10:00:00,Pagado,TXN000018,ORD000018,Libelula,58
19,250.00,2024-07-15 10:00:00,Pagado,TXN000019,ORD000019,Libelula,59
20,250.00,2024-07-15 10:00:00,Pagado,TXN000020,ORD000020,Libelula,60
21,250.00,2024-07-15 10:00:00,Pagado,TXN000021,ORD000021,Libelula,61
22,250.00,2024-07-15 10:00:00,Pagado,TXN000022,ORD000022,Libelula,62
23,250.00,2024-07-15 10:00:00,Pagado,TXN000023,ORD000023,Libelula,63
24,250.00,2024-07-15 10:00:00,Pagado,TXN000024,ORD000024,Libelula,64
25,250.00,2024-07-15 10:00:00,Pagado,TXN000025,ORD000025,Libelula,65
26,250.00,2024-07-15 10:00:00,Pagado,TXN000026,ORD000026,Libelula,66
27,250.00,2024-07-15 10:00:00,Pagado,TXN000027,ORD000027,Libelula,67
28,250.00,2024-07-15 10:00:00,Pagado,TXN000028,ORD000028,Libelula,68
29,250.00,2024-07-15 10:00:00,Pagado,TXN000029,ORD000029,Libelula,69
30,250.00,2024-07-15 10:00:00,Pagado,TXN000030,ORD000030,Libelula,70
31,250.00,2024-07-15 10:00:00,Pagado,TXN000031,ORD000031,Libelula,71
32,250.00,2024-07-15 10:00:00,Pagado,TXN000032,ORD000032,Libelula,72
33,250.00,2024-07-15 10:00:00,Pagado,TXN000033,ORD000033,Libelula,73
34,250.00,2024-07-15 10:00:00,Pagado,TXN000034,ORD000034,Libelula,74
35,250.00,2024-07-15 10:00:00,Pagado,TXN000035,ORD000035,Libelula,75
36,250.00,2024-07-15 10:00:00,Pagado,TXN000036,ORD000036,Libelula,76
37,250.00,2024-07-15 10:00:00,Pagado,TXN000037,ORD000037,Libelula,77
38,250.00,2024-07-15 10:00:00,Pagado,TXN000038,ORD000038,Libelula,78
39,250.00,2024-07-15 10:00:00,Pagado,TXN000039,ORD000039,Libelula,79
40,250.00,2024-07-15 10:00:00,Pagado,TXN000040,ORD000040,Libelula,80
41,250.00,2024-07-15 10:00:00,Pagado,TXN000041,ORD000041,Libelula,81
42,250.00,2024-07-15 10:00:00,Pagado,TXN000042,ORD000042,Libelula,82
43,250.00,2024-07-15 10:00:00,Pagado,TXN000043,ORD000043,Libelula,83
44,250.00,2024-07-15 10:00:00,Pagado,TXN000044,ORD000044,Libelula,84
45,250.00,2024-07-15 10:00:00,Pagado,TXN000045,ORD000045,Libelula,85
46,250.00,2024-07-15 10:00:00,Pagado,TXN000046,ORD000046,Libelula,86
47,250.00,2024-07-15 10:00:00,Pagado,TXN000047,ORD000047,Libelula,87
48,250.00,2024-07-15 10:00:00,Pagado,TXN000048,ORD000048,Libelula,88
49,250.00,2024-07-15 10:00:00,Pagado,TXN000049,ORD000049,Libelula,89
50,250.00,2024-07-15 10:00:00,Pagado,TXN000050,ORD000050,Libelula,90
51,250.00,2024-07-15 10:00:00,Pagado,TXN000051,ORD000051,Libelula,91
52,250.00,2024-07-15 10:00:00,Pagado,TXN000052,ORD000052,Libelula,92
53,250.00,2024-07-15 10:00:00,Pagado,TXN000053,ORD000053,Libelula,93
54,250.00,2024-07-15 10:00:00,Pagado,TXN000054,ORD000054,Libelula,94
55,250.00,2024-07-15 10:00:00,Pagado,TXN000055,ORD000055,Libelula,95
56,250.00,2024-07-15 10:00:00,Pagado,TXN000056,ORD000056,Libelula,96
57,250.00,2024-07-15 10:00:00,Pagado,TXN000057,ORD000057,Libelula,97
58,250.00,2024-07-15 10:00:00,Pagado,TXN000058,ORD000058,Libelula,98
59,250.00,2024-07-15 10:00:00,Pagado,TXN000059,ORD000059,Libelula,99
60,250.00,2024-07-15 10:00:00,Pagado,TXN000060,ORD000060,Libelula,100
61,250.00,2024-07-15 10:00:00,Pagado,TXN000061,ORD000061,Libelula,101
62,250.00,2024-07-15 10:00:00,Pagado,TXN000062,ORD000062,Libelula,102
63,250.00,2024-07-15 10:00:00,Pagado,TXN000063,ORD000063,Libelula,103
64,250.00,2024-07-15 10:00:00,Pagado,TXN000064,ORD000064,Libelula,104
65,250.00,2024-07-15 10:00:00,Pagado,TXN000065,ORD000065,Libelula,105
66,250.00,2024-07-15 10:00:00,Pagado,TXN000066,ORD000066,Libelula,106
67,250.00,2024-07-15 10:00:00,Pagado,TXN000067,ORD000067,Libelula,107
68,250.00,2024-07-15 10:00:00,Pagado,TXN000068,ORD000068,Libelula,108
69,250.00,2024-07-15 10:00:00,Pagado,TXN000069,ORD000069,Libelula,109
70,250.00,2024-07-15 10:00:00,Pagado,TXN000070,ORD000070,Libelula,110
71,250.00,2024-07-15 10:00:00,Pagado,TXN000071,ORD000071,Libelula,111
72,250.00,2024-07-15 10:00:00,Pagado,TXN000072,ORD000072,Libelula,112
73,250.00,2024-07-15 10:00:00,Pagado,TXN000073,ORD000073,Libelula,113
74,250.00,2024-07-15 10:00:00,Pagado,TXN000074,ORD000074,Libelula,114
75,250.00,2024-07-15 10:00:00,Pagado,TXN000075,ORD000075,Libelula,115
76,250.00,2024-07-15 10:00:00,Pagado,TXN000076,ORD000076,Libelula,116
77,250.00,2024-07-15 10:00:00,Pagado,TXN000077,ORD000077,Libelula,117
78,250.00,2024-07-15 10:00:00,Pagado,TXN000078,ORD000078,Libelula,118
79,250.00,2024-07-15 10:00:00,Pagado,TXN000079,ORD000079,Libelula,119
80,250.00,2024-07-15 10:00:00,Pagado,TXN000080,ORD000080,Libelula,120
81,250.00,2024-07-15 10:00:00,Pagado,TXN000081,ORD000081,Libelula,121
82,250.00,2024-07-15 10:00:00,Pagado,TXN000082,ORD000082,Libelula,122
83,250.00,2024-07-15 10:00:00,Pagado,TXN000083,ORD000083,Libelula,123
84,250.00,2024-07-15 10:00:00,Pagado,TXN000084,ORD000084,Libelula,124
85,250.00,2024-07-15 10:00:00,Pagado,TXN000085,ORD000085,Libelula,125
86,250.00,2024-07-15 10:00:00,Pagado,TXN000086,ORD000086,Libelula,126
87,250.00,2024-07-15 10:00:00,Pagado,TXN000087,ORD000087,Libelula,127
88,250.00,2024-07-15 10:00:00,Pagado,TXN000088,ORD000088,Libelula,128
89,250.00,2024-07-15 10:00:00,Pagado,TXN000089,ORD000089,Libelula,129
90,250.00,2024-07-15 10:00:00,Pagado,TXN000090,ORD000090,Libelula,130
91,250.00,2024-07-15 10:00:00,Pagado,TXN000091,ORD000091,Libelula,131
92,250.00,2024-07-15 10:00:00,Pagado,TXN000092,ORD000092,Libelula,132
93,250.00,2024-07-15 10:00:00,Pagado,TXN000093,ORD000093,Libelula,133
94,250.00,2024-07-15 10:00:00,Pagado,TXN000094,ORD000094,Libelula,134
95,250.00,2024-07-15 10:00:00,Pagado,TXN000095,ORD000095,Libelula,135
96,250.00,2024-07-15 10:00:00,Pagado,TXN000096,ORD000096,Libelula,136
97,250.00,2024-07-15 10:00:00,Pagado,TXN000097,ORD000097,Libelula,137
98,250.00,2024-07-15 10:00:00,Pagado,TXN000098,ORD000098,Libelula,138
99,250.00,2024-07-15 10:00:00,Pagado,TXN000099,ORD000099,Libelula,139
100,250.00,2024-07-15 10:00:00,Pagado,TXN000100,ORD000100,Libelula,140
101,250.00,2024-07-15 10:00:00,Pagado,TXN000101,ORD000101,Libelula,141
102,250.00,2024-07-15 10:00:00,Pagado,TXN000102,ORD000102,Libelula,142
103,250.00,2024-07-15 10:00:00,Pagado,TXN000103,ORD000103,Libelula,143
104,250.00,2024-07-15 10:00:00,Pagado,TXN000104,ORD000104,Libelula,144
105,250.00,2024-07-15 10:00:00,Pagado,TXN000105,ORD000105,Libelula,145
106,250.00,2024-07-15 10:00:00,Pagado,TXN000106,ORD000106,Libelula,146
107,250.00,2024-07-15 10:00:00,Pagado,TXN000107,ORD000107,Libelula,147
108,250.00,2024-07-15 10:00:00,Pagado,TXN000108,ORD000108,Libelula,148
109,250.00,2024-07-15 10:00:00,Pagado,TXN000109,ORD000109,Libelula,149
110,250.00,2024-07-15 10:00:00,Pagado,TXN000110,ORD000110,Libelula,150
111,250.00,2024-07-15 10:00:00,Pagado,TXN000111,ORD000111,Libelula,151
112,250.00,2024-07-15 10:00:00,Pagado,TXN000112,ORD000112,Libelula,152
113,250.00,2024-07-15 10:00:00,Pagado,TXN000113,ORD000113,Libelula,153
114,250.00,2024-07-15 10:00:00,Pagado,TXN000114,ORD000114,Libelula,154
115,250.00,2024-07-15 10:00:00,Pagado,TXN000115,ORD000115,Libelula,155
116,250.00,2024-07-15 10:00:00,Pagado,TXN000116,ORD000116,Libelula,156
117,250.00,2024-07-15 10:00:00,Pagado,TXN000117,ORD000117,Libelula,157
118,250.00,2024-07-15 10:00:00,Pagado,TXN000118,ORD000118,Libelula,158
119,250.00,2024-07-15 10:00:00,Pagado,TXN000119,ORD000119,Libelula,159
120,250.00,2024-07-15 10:00:00,Pagado,TXN000120,ORD000120,Libelula,160
121,250.00,2024-07-15 10:00:00,Pagado,TXN000121,ORD000121,Libelula,161
122,250.00,2024-07-15 10:00:00,Pagado,TXN000122,ORD000122,Libelula,162
123,250.00,2024-07-15 10:00:00,Pagado,TXN000123,ORD000123,Libelula,163
124,250.00,2024-07-15 10:00:00,Pagado,TXN000124,ORD000124,Libelula,164
125,250.00,2024-07-15 10:00:00,Pagado,TXN000125,ORD000125,Libelula,165
126,250.00,2024-07-15 10:00:00,Pagado,TXN000126,ORD000126,Libelula,166
127,250.00,2024-07-15 10:00:00,Pagado,TXN000127,ORD000127,Libelula,167
128,250.00,2024-07-15 10:00:00,Pagado,TXN000128,ORD000128,Libelula,168
129,250.00,2024-07-15 10:00:00,Pagado,TXN000129,ORD000129,Libelula,169
130,250.00,2024-07-15 10:00:00,Pagado,TXN000130,ORD000130,Libelula,170
131,250.00,2024-07-15 10:00:00,Pagado,TXN000131,ORD000131,Libelula,171
132,250.00,2024-07-15 10:00:00,Pagado,TXN000132,ORD000132,Libelula,172
133,250.00,2024-07-15 10:00:00,Pagado,TXN000133,ORD000133,Libelula,173
134,250.00,2024-07-15 10:00:00,Pagado,TXN000134,ORD000134,Libelula,174
135,250.00,2024-07-15 10:00:00,Pagado,TXN000135,ORD000135,Libelula,175
136,250.00,2024-07-15 10:00:00,Pagado,TXN000136,ORD000136,Libelula,176
137,250.00,2024-07-15 10:00:00,Pagado,TXN000137,ORD000137,Libelula,177
138,250.00,2024-07-15 10:00:00,Pagado,TXN000138,ORD000138,Libelula,178
139,250.00,2024-07-15 10:00:00,Pagado,TXN000139,ORD000139,Libelula,179
140,250.00,2024-07-15 10:00:00,Pagado,TXN000140,ORD000140,Libelula,180
141,250.00,2024-07-15 10:00:00,Pagado,TXN000141,ORD000141,Libelula,181
142,250.00,2024-07-15 10:00:00,Pagado,TXN000142,ORD000142,Libelula,182
143,250.00,2024-07-15 10:00:00,Pagado,TXN000143,ORD000143,Libelula,183
144,250.00,2024-07-15 10:00:00,Pagado,TXN000144,ORD000144,Libelula,184
145,250.00,2024-07-15 10:00:00,Pagado,TXN000145,ORD000145,Libelula,185
146,250.00,2024-07-15 10:00:00,Pagado,TXN000146,ORD000146,Libelula,186
147,250.00,2024-07-15 10:00:00,Pagado,TXN000147,ORD000147,Libelula,187
148,250.00,2024-07-15 10:00:00,Pagado,TXN000148,ORD000148,Libelula,188
149,250.00,2024-07-15 10:00:00,Pagado,TXN000149,ORD000149,Libelula,189
150,250.00,2024-07-15 10:00:00,Pagado,TXN000150,ORD000150,Libelula,190
151,250.00,2024-07-15 10:00:00,Pagado,TXN000151,ORD000151,Libelula,191
152,250.00,2024-07-15 10:00:00,Pagado,TXN000152,ORD000152,Libelula,192
153,250.00,2024-07-15 10:00:00,Pagado,TXN000153,ORD000153,Libelula,193
154,250.00,2024-07-15 10:00:00,Pagado,TXN000154,ORD000154,Libelula,194
155,250.00,2024-07-15 10:00:00,Pagado,TXN000155,ORD000155,Libelula,195
156,250.00,2024-07-15 10:00:00,Pagado,TXN000156,ORD000156,Libelula,196
157,250.00,2024-07-15 10:00:00,Pagado,TXN000157,ORD000157,Libelula,197
158,250.00,2024-07-15 10:00:00,Pagado,TXN000158,ORD000158,Libelula,198
159,250.00,2024-07-15 10:00:00,Pagado,TXN000159,ORD000159,Libelula,199
160,250.00,2024-07-15 10:00:00,Pagado,TXN000160,ORD000160,Libelula,200
161,250.00,2024-07-15 10:00:00,Pagado,TXN000161,ORD000161,Libelula,201
162,250.00,2024-07-15 10:00:00,Pagado,TXN000162,ORD000162,Libelula,202
163,250.00,2024-07-15 10:00:00,Pagado,TXN000163,ORD000163,Libelula,203
164,250.00,2024-07-15 10:00:00,Pagado,TXN000164,ORD000164,Libelula,204
165,250.00,2024-07-15 10:00:00,Pagado,TXN000165,ORD000165,Libelula,205
166,250.00,2024-07-15 10:00:00,Pagado,TXN000166,ORD000166,Libelula,206
167,250.00,2024-07-15 10:00:00,Pagado,TXN000167,ORD000167,Libelula,207
168,250.00,2024-07-15 10:00:00,Pagado,TXN000168,ORD000168,Libelula,208
169,250.00,2024-07-15 10:00:00,Pagado,TXN000169,ORD000169,Libelula,209
170,250.00,2024-07-15 10:00:00,Pagado,TXN000170,ORD000170,Libelula,210
171,250.00,2024-07-15 10:00:00,Pagado,TXN000171,ORD000171,Libelula,211
172,250.00,2024-07-15 10:00:00,Pagado,TXN000172,ORD000172,Libelula,212
173,250.00,2024-07-15 10:00:00,Pagado,TXN000173,ORD000173,Libelula,213
174,250.00,2024-07-15 10:00:00,Pagado,TXN000174,ORD000174,Libelula,214
175,250.00,2024-07-15 10:00:00,Pagado,TXN000175,ORD000175,Libelula,215
176,250.00,2024-07-15 10:00:00,Pagado,TXN000176,ORD000176,Libelula,216
177,250.00,2024-07-15 10:00:00,Pagado,TXN000177,ORD000177,Libelula,217
178,250.00,2024-07-15 10:00:00,Pagado,TXN000178,ORD000178,Libelula,218
179,250.00,2024-07-15 10:00:00,Pagado,TXN000179,ORD000179,Libelula,219
180,250.00,2024-07-15 10:00:00,Pagado,TXN000180,ORD000180,Libelula,220
181,250.00,2024-07-15 10:00:00,Pagado,TXN000181,ORD000181,Libelula,221
182,250.00,2024-07-15 10:00:00,Pagado,TXN000182,ORD000182,Libelula,222
183,250.00,2024-07-15 10:00:00,Pagado,TXN000183,ORD000183,Libelula,223
184,250.00,2024-07-15 10:00:00,Pagado,TXN000184,ORD000184,Libelula,224
185,250.00,2024-07-15 10:00:00,Pagado,TXN000185,ORD000185,Libelula,225
186,250.00,2024-07-15 10:00:00,Pagado,TXN000186,ORD000186,Libelula,226
187,250.00,2024-07-15 10:00:00,Pagado,TXN000187,ORD000187,Libelula,227
188,250.00,2024-07-15 10:00:00,Pagado,TXN000188,ORD000188,Libelula,228
189,250.00,2024-07-15 10:00:00,Pagado,TXN000189,ORD000189,Libelula,229
190,250.00,2024-07-15 10:00:00,Pagado,TXN000190,ORD000190,Libelula,230
191,250.00,2024-07-15 10:00:00,Pagado,TXN000191,ORD000191,Libelula,231
192,250.00,2024-07-15 10:00:00,Pagado,TXN000192,ORD000192,Libelula,232
193,250.00,2024-07-15 10:00:00,Pagado,TXN000193,ORD000193,Libelula,233
194,250.00,2024-07-15 10:00:00,Pagado,TXN000194,ORD000194,Libelula,234
195,250.00,2024-07-15 10:00:00,Pagado,TXN000195,ORD000195,Libelula,235
196,250.00,2024-07-15 10:00:00,Pagado,TXN000196,ORD000196,Libelula,236
197,250.00,2024-07-15 10:00:00,Pagado,TXN000197,ORD000197,Libelula,237
198,250.00,2024-07-15 10:00:00,Pagado,TXN000198,ORD000198,Libelula,238
199,250.00,2024-07-15 10:00:00,Pagado,TXN000199,ORD000199,Libelula,239
200,250.00,2024-07-15 10:00:00,Pagado,TXN000200,ORD000200,Libelula,240
201,250.00,2024-07-15 10:00:00,Pagado,TXN000201,ORD000201,Libelula,241
202,250.00,2024-07-15 10:00:00,Pagado,TXN000202,ORD000202,Libelula,242
203,250.00,2024-07-15 10:00:00,Pagado,TXN000203,ORD000203,Libelula,243
204,250.00,2024-07-15 10:00:00,Pagado,TXN000204,ORD000204,Libelula,244
205,250.00,2024-07-15 10:00:00,Pagado,TXN000205,ORD000205,Libelula,245
206,250.00,2024-07-15 10:00:00,Pagado,TXN000206,ORD000206,Libelula,246
207,250.00,2024-07-15 10:00:00,Pagado,TXN000207,ORD000207,Libelula,247
208,250.00,2024-07-15 10:00:00,Pagado,TXN000208,ORD000208,Libelula,248
209,250.00,2024-07-15 10:00:00,Pagado,TXN000209,ORD000209,Libelula,249
210,250.00,2024-07-15 10:00:00,Pagado,TXN000210,ORD000210,Libelula,250
211,250.00,2024-07-15 10:00:00,Pagado,TXN000211,ORD000211,Libelula,251
212,250.00,2024-07-15 10:00:00,Pagado,TXN000212,ORD000212,Libelula,252
213,250.00,2024-07-15 10:00:00,Pagado,TXN000213,ORD000213,Libelula,253
214,250.00,2024-07-15 10:00:00,Pagado,TXN000214,ORD000214,Libelula,254
215,250.00,2024-07-15 10:00:00,Pagado,TXN000215,ORD000215,Libelula,255
216,250.00,2024-07-15 10:00:00,Pagado,TXN000216,ORD000216,Libelula,256
217,250.00,2024-07-15 10:00:00,Pagado,TXN000217,ORD000217,Libelula,257
218,250.00,2024-07-15 10:00:00,Pagado,TXN000218,ORD000218,Libelula,258
219,250.00,2024-07-15 10:00:00,Pagado,TXN000219,ORD000219,Libelula,259
220,250.00,2024-07-15 10:00:00,Pagado,TXN000220,ORD000220,Libelula,260
221,250.00,2024-07-15 10:00:00,Pagado,TXN000221,ORD000221,Libelula,261
222,250.00,2024-07-15 10:00:00,Pagado,TXN000222,ORD000222,Libelula,262
223,250.00,2024-07-15 10:00:00,Pagado,TXN000223,ORD000223,Libelula,263
224,250.00,2024-07-15 10:00:00,Pagado,TXN000224,ORD000224,Libelula,264
225,250.00,2024-07-15 10:00:00,Pagado,TXN000225,ORD000225,Libelula,265
226,250.00,2024-07-15 10:00:00,Pagado,TXN000226,ORD000226,Libelula,266
227,250.00,2024-07-15 10:00:00,Pagado,TXN000227,ORD000227,Libelula,267
228,250.00,2024-07-15 10:00:00,Pagado,TXN000228,ORD000228,Libelula,268
229,250.00,2024-07-15 10:00:00,Pagado,TXN000229,ORD000229,Libelula,269
230,250.00,2024-07-15 10:00:00,Pagado,TXN000230,ORD000230,Libelula,270
231,250.00,2024-07-15 10:00:00,Pagado,TXN000231,ORD000231,Libelula,271
232,250.00,2024-07-15 10:00:00,Pagado,TXN000232,ORD000232,Libelula,272
233,250.00,2024-07-15 10:00:00,Pagado,TXN000233,ORD000233,Libelula,273
234,250.00,2024-07-15 10:00:00,Pagado,TXN000234,ORD000234,Libelula,274
235,250.00,2024-07-15 10:00:00,Pagado,TXN000235,ORD000235,Libelula,275
236,250.00,2024-07-15 10:00:00,Pagado,TXN000236,ORD000236,Libelula,276
237,250.00,2024-07-15 10:00:00,Pagado,TXN000237,ORD000237,Libelula,277
238,250.00,2024-07-15 10:00:00,Pagado,TXN000238,ORD000238,Libelula,278
239,250.00,2024-07-15 10:00:00,Pagado,TXN000239,ORD000239,Libelula,279
240,250.00,2024-07-15 10:00:00,Pagado,TXN000240,ORD000240,Libelula,280
241,250.00,2024-07-15 10:00:00,Pagado,TXN000241,ORD000241,Libelula,281
242,250.00,2024-07-15 10:00:00,Pagado,TXN000242,ORD000242,Libelula,282
243,250.00,2024-07-15 10:00:00,Pagado,TXN000243,ORD000243,Libelula,283
244,250.00,2024-07-15 10:00:00,Pagado,TXN000244,ORD000244,Libelula,284
245,250.00,2024-07-15 10:00:00,Pagado,TXN000245,ORD000245,Libelula,285
246,250.00,2024-07-15 10:00:00,Pagado,TXN000246,ORD000246,Libelula,286
247,250.00,2024-07-15 10:00:00,Pagado,TXN000247,ORD000247,Libelula,287
248,250.00,2024-07-15 10:00:00,Pagado,TXN000248,ORD000248,Libelula,288
249,250.00,2024-07-15 10:00:00,Pagado,TXN000249,ORD000249,Libelula,289
250,250.00,2024-07-15 10:00:00,Pagado,TXN000250,ORD000250,Libelula,290
251,250.00,2024-07-15 10:00:00,Pagado,TXN000251,ORD000251,Libelula,291
252,250.00,2024-07-15 10:00:00,Pagado,TXN000252,ORD000252,Libelula,292
253,250.00,2024-07-15 10:00:00,Pagado,TXN000253,ORD000253,Libelula,293
254,250.00,2024-07-15 10:00:00,Pagado,TXN000254,ORD000254,Libelula,294
255,250.00,2024-07-15 10:00:00,Pagado,TXN000255,ORD000255,Libelula,295
256,250.00,2024-07-15 10:00:00,Pagado,TXN000256,ORD000256,Libelula,296
257,250.00,2024-07-15 10:00:00,Pagado,TXN000257,ORD000257,Libelula,297
258,250.00,2024-07-15 10:00:00,Pagado,TXN000258,ORD000258,Libelula,298
259,250.00,2024-07-15 10:00:00,Pagado,TXN000259,ORD000259,Libelula,299
260,250.00,2024-07-15 10:00:00,Pagado,TXN000260,ORD000260,Libelula,300
261,250.00,2024-07-15 10:00:00,Pagado,TXN000261,ORD000261,Libelula,301
262,250.00,2024-07-15 10:00:00,Pagado,TXN000262,ORD000262,Libelula,302
263,250.00,2024-07-15 10:00:00,Pagado,TXN000263,ORD000263,Libelula,303
264,250.00,2024-07-15 10:00:00,Pagado,TXN000264,ORD000264,Libelula,304
265,250.00,2024-07-15 10:00:00,Pagado,TXN000265,ORD000265,Libelula,305
266,250.00,2024-07-15 10:00:00,Pagado,TXN000266,ORD000266,Libelula,306
267,250.00,2024-07-15 10:00:00,Pagado,TXN000267,ORD000267,Libelula,307
268,250.00,2024-07-15 10:00:00,Pagado,TXN000268,ORD000268,Libelula,308
269,250.00,2024-07-15 10:00:00,Pagado,TXN000269,ORD000269,Libelula,309
270,250.00,2024-07-15 10:00:00,Pagado,TXN000270,ORD000270,Libelula,310
271,250.00,2024-07-15 10:00:00,Pagado,TXN000271,ORD000271,Libelula,311
272,250.00,2024-07-15 10:00:00,Pagado,TXN000272,ORD000272,Libelula,312
273,250.00,2024-07-15 10:00:00,Pagado,TXN000273,ORD000273,Libelula,313
274,250.00,2024-07-15 10:00:00,Pagado,TXN000274,ORD000274,Libelula,314
275,250.00,2024-07-15 10:00:00,Pagado,TXN000275,ORD000275,Libelula,315
276,250.00,2024-07-15 10:00:00,Pagado,TXN000276,ORD000276,Libelula,316
277,250.00,2024-07-15 10:00:00,Pagado,TXN000277,ORD000277,Libelula,317
278,250.00,2024-07-15 10:00:00,Pagado,TXN000278,ORD000278,Libelula,318
279,250.00,2024-07-15 10:00:00,Pagado,TXN000279,ORD000279,Libelula,319
280,250.00,2024-07-15 10:00:00,Pagado,TXN000280,ORD000280,Libelula,320
281,250.00,2024-07-15 10:00:00,Pagado,TXN000281,ORD000281,Libelula,321
282,250.00,2024-07-15 10:00:00,Pagado,TXN000282,ORD000282,Libelula,322
283,250.00,2024-07-15 10:00:00,Pagado,TXN000283,ORD000283,Libelula,323
284,250.00,2024-07-15 10:00:00,Pagado,TXN000284,ORD000284,Libelula,324
285,250.00,2024-07-15 10:00:00,Pagado,TXN000285,ORD000285,Libelula,325
286,250.00,2024-07-15 10:00:00,Pagado,TXN000286,ORD000286,Libelula,326
287,250.00,2024-07-15 10:00:00,Pagado,TXN000287,ORD000287,Libelula,327
288,250.00,2024-07-15 10:00:00,Pagado,TXN000288,ORD000288,Libelula,328
289,250.00,2024-07-15 10:00:00,Pagado,TXN000289,ORD000289,Libelula,329
290,250.00,2024-07-15 10:00:00,Pagado,TXN000290,ORD000290,Libelula,330
291,250.00,2024-07-15 10:00:00,Pagado,TXN000291,ORD000291,Libelula,331
292,250.00,2024-07-15 10:00:00,Pagado,TXN000292,ORD000292,Libelula,332
293,250.00,2024-07-15 10:00:00,Pagado,TXN000293,ORD000293,Libelula,333
294,250.00,2024-07-15 10:00:00,Pagado,TXN000294,ORD000294,Libelula,334
295,250.00,2024-07-15 10:00:00,Pagado,TXN000295,ORD000295,Libelula,335
296,250.00,2024-07-15 10:00:00,Pagado,TXN000296,ORD000296,Libelula,336
297,250.00,2024-07-15 10:00:00,Pagado,TXN000297,ORD000297,Libelula,337
298,250.00,2024-07-15 10:00:00,Pagado,TXN000298,ORD000298,Libelula,338
299,250.00,2024-07-15 10:00:00,Pagado,TXN000299,ORD000299,Libelula,339
300,250.00,2024-07-15 10:00:00,Pagado,TXN000300,ORD000300,Libelula,340
301,280.00,2025-01-24 10:00:00,Pagado,TXN000301,ORD000301,Libelula,341
302,280.00,2025-01-24 10:00:00,Pagado,TXN000302,ORD000302,Libelula,342
303,280.00,2025-01-24 10:00:00,Pagado,TXN000303,ORD000303,Libelula,343
304,280.00,2025-01-24 10:00:00,Pagado,TXN000304,ORD000304,Libelula,344
305,280.00,2025-01-24 10:00:00,Pagado,TXN000305,ORD000305,Libelula,345
306,280.00,2025-01-24 10:00:00,Pagado,TXN000306,ORD000306,Libelula,346
307,280.00,2025-01-24 10:00:00,Pagado,TXN000307,ORD000307,Libelula,347
308,280.00,2025-01-24 10:00:00,Pagado,TXN000308,ORD000308,Libelula,348
309,280.00,2025-01-24 10:00:00,Pagado,TXN000309,ORD000309,Libelula,349
310,280.00,2025-01-24 10:00:00,Pagado,TXN000310,ORD000310,Libelula,350
311,280.00,2025-01-24 10:00:00,Pagado,TXN000311,ORD000311,Libelula,351
312,280.00,2025-01-24 10:00:00,Pagado,TXN000312,ORD000312,Libelula,352
313,280.00,2025-01-24 10:00:00,Pagado,TXN000313,ORD000313,Libelula,353
314,280.00,2025-01-24 10:00:00,Pagado,TXN000314,ORD000314,Libelula,354
315,280.00,2025-01-24 10:00:00,Pagado,TXN000315,ORD000315,Libelula,355
316,280.00,2025-01-24 10:00:00,Pagado,TXN000316,ORD000316,Libelula,356
317,280.00,2025-01-24 10:00:00,Pagado,TXN000317,ORD000317,Libelula,357
318,280.00,2025-01-24 10:00:00,Pagado,TXN000318,ORD000318,Libelula,358
319,280.00,2025-01-24 10:00:00,Pagado,TXN000319,ORD000319,Libelula,359
320,280.00,2025-01-24 10:00:00,Pagado,TXN000320,ORD000320,Libelula,360
321,280.00,2025-01-24 10:00:00,Pagado,TXN000321,ORD000321,Libelula,361
322,280.00,2025-01-24 10:00:00,Pagado,TXN000322,ORD000322,Libelula,362
323,280.00,2025-01-24 10:00:00,Pagado,TXN000323,ORD000323,Libelula,363
324,280.00,2025-01-24 10:00:00,Pagado,TXN000324,ORD000324,Libelula,364
325,280.00,2025-01-24 10:00:00,Pagado,TXN000325,ORD000325,Libelula,365
326,280.00,2025-01-24 10:00:00,Pagado,TXN000326,ORD000326,Libelula,366
327,280.00,2025-01-24 10:00:00,Pagado,TXN000327,ORD000327,Libelula,367
328,280.00,2025-01-24 10:00:00,Pagado,TXN000328,ORD000328,Libelula,368
329,280.00,2025-01-24 10:00:00,Pagado,TXN000329,ORD000329,Libelula,369
330,280.00,2025-01-24 10:00:00,Pagado,TXN000330,ORD000330,Libelula,370
331,280.00,2025-01-24 10:00:00,Pagado,TXN000331,ORD000331,Libelula,371
332,280.00,2025-01-24 10:00:00,Pagado,TXN000332,ORD000332,Libelula,372
333,280.00,2025-01-24 10:00:00,Pagado,TXN000333,ORD000333,Libelula,373
334,280.00,2025-01-24 10:00:00,Pagado,TXN000334,ORD000334,Libelula,374
335,280.00,2025-01-24 10:00:00,Pagado,TXN000335,ORD000335,Libelula,375
336,280.00,2025-01-24 10:00:00,Pagado,TXN000336,ORD000336,Libelula,376
337,280.00,2025-01-24 10:00:00,Pagado,TXN000337,ORD000337,Libelula,377
338,280.00,2025-01-24 10:00:00,Pagado,TXN000338,ORD000338,Libelula,378
339,280.00,2025-01-24 10:00:00,Pagado,TXN000339,ORD000339,Libelula,379
340,280.00,2025-01-24 10:00:00,Pagado,TXN000340,ORD000340,Libelula,380
341,280.00,2025-01-24 10:00:00,Pagado,TXN000341,ORD000341,Libelula,381
342,280.00,2025-01-24 10:00:00,Pagado,TXN000342,ORD000342,Libelula,382
343,280.00,2025-01-24 10:00:00,Pagado,TXN000343,ORD000343,Libelula,383
344,280.00,2025-01-24 10:00:00,Pagado,TXN000344,ORD000344,Libelula,384
345,280.00,2025-01-24 10:00:00,Pagado,TXN000345,ORD000345,Libelula,385
346,280.00,2025-01-24 10:00:00,Pagado,TXN000346,ORD000346,Libelula,386
347,280.00,2025-01-24 10:00:00,Pagado,TXN000347,ORD000347,Libelula,387
348,280.00,2025-01-24 10:00:00,Pagado,TXN000348,ORD000348,Libelula,388
349,280.00,2025-01-24 10:00:00,Pagado,TXN000349,ORD000349,Libelula,389
350,280.00,2025-01-24 10:00:00,Pagado,TXN000350,ORD000350,Libelula,390
351,280.00,2025-01-24 10:00:00,Pagado,TXN000351,ORD000351,Libelula,391
352,280.00,2025-01-24 10:00:00,Pagado,TXN000352,ORD000352,Libelula,392
353,280.00,2025-01-24 10:00:00,Pagado,TXN000353,ORD000353,Libelula,393
354,280.00,2025-01-24 10:00:00,Pagado,TXN000354,ORD000354,Libelula,394
355,280.00,2025-01-24 10:00:00,Pagado,TXN000355,ORD000355,Libelula,395
356,280.00,2025-01-24 10:00:00,Pagado,TXN000356,ORD000356,Libelula,396
357,280.00,2025-01-24 10:00:00,Pagado,TXN000357,ORD000357,Libelula,397
358,280.00,2025-01-24 10:00:00,Pagado,TXN000358,ORD000358,Libelula,398
359,280.00,2025-01-24 10:00:00,Pagado,TXN000359,ORD000359,Libelula,399
360,280.00,2025-01-24 10:00:00,Pagado,TXN000360,ORD000360,Libelula,400
361,280.00,2025-01-24 10:00:00,Pagado,TXN000361,ORD000361,Libelula,401
362,280.00,2025-01-24 10:00:00,Pagado,TXN000362,ORD000362,Libelula,402
363,280.00,2025-01-24 10:00:00,Pagado,TXN000363,ORD000363,Libelula,403
364,280.00,2025-01-24 10:00:00,Pagado,TXN000364,ORD000364,Libelula,404
365,280.00,2025-01-24 10:00:00,Pagado,TXN000365,ORD000365,Libelula,405
366,280.00,2025-01-24 10:00:00,Pagado,TXN000366,ORD000366,Libelula,406
367,280.00,2025-01-24 10:00:00,Pagado,TXN000367,ORD000367,Libelula,407
368,280.00,2025-01-24 10:00:00,Pagado,TXN000368,ORD000368,Libelula,408
369,280.00,2025-01-24 10:00:00,Pagado,TXN000369,ORD000369,Libelula,409
370,280.00,2025-01-24 10:00:00,Pagado,TXN000370,ORD000370,Libelula,410
371,280.00,2025-01-24 10:00:00,Pagado,TXN000371,ORD000371,Libelula,411
372,280.00,2025-01-24 10:00:00,Pagado,TXN000372,ORD000372,Libelula,412
373,280.00,2025-01-24 10:00:00,Pagado,TXN000373,ORD000373,Libelula,413
374,280.00,2025-01-24 10:00:00,Pagado,TXN000374,ORD000374,Libelula,414
375,280.00,2025-01-24 10:00:00,Pagado,TXN000375,ORD000375,Libelula,415
376,280.00,2025-01-24 10:00:00,Pagado,TXN000376,ORD000376,Libelula,416
377,280.00,2025-01-24 10:00:00,Pagado,TXN000377,ORD000377,Libelula,417
378,280.00,2025-01-24 10:00:00,Pagado,TXN000378,ORD000378,Libelula,418
379,280.00,2025-01-24 10:00:00,Pagado,TXN000379,ORD000379,Libelula,419
380,280.00,2025-01-24 10:00:00,Pagado,TXN000380,ORD000380,Libelula,420
381,280.00,2025-01-24 10:00:00,Pagado,TXN000381,ORD000381,Libelula,421
382,280.00,2025-01-24 10:00:00,Pagado,TXN000382,ORD000382,Libelula,422
383,280.00,2025-01-24 10:00:00,Pagado,TXN000383,ORD000383,Libelula,423
384,280.00,2025-01-24 10:00:00,Pagado,TXN000384,ORD000384,Libelula,424
385,280.00,2025-01-24 10:00:00,Pagado,TXN000385,ORD000385,Libelula,425
386,280.00,2025-01-24 10:00:00,Pagado,TXN000386,ORD000386,Libelula,426
387,280.00,2025-01-24 10:00:00,Pagado,TXN000387,ORD000387,Libelula,427
388,280.00,2025-01-24 10:00:00,Pagado,TXN000388,ORD000388,Libelula,428
389,280.00,2025-01-24 10:00:00,Pagado,TXN000389,ORD000389,Libelula,429
390,280.00,2025-01-24 10:00:00,Pagado,TXN000390,ORD000390,Libelula,430
391,280.00,2025-01-24 10:00:00,Pagado,TXN000391,ORD000391,Libelula,431
392,280.00,2025-01-24 10:00:00,Pagado,TXN000392,ORD000392,Libelula,432
393,280.00,2025-01-24 10:00:00,Pagado,TXN000393,ORD000393,Libelula,433
394,280.00,2025-01-24 10:00:00,Pagado,TXN000394,ORD000394,Libelula,434
395,280.00,2025-01-24 10:00:00,Pagado,TXN000395,ORD000395,Libelula,435
396,280.00,2025-01-24 10:00:00,Pagado,TXN000396,ORD000396,Libelula,436
397,280.00,2025-01-24 10:00:00,Pagado,TXN000397,ORD000397,Libelula,437
398,280.00,2025-01-24 10:00:00,Pagado,TXN000398,ORD000398,Libelula,438
399,280.00,2025-01-24 10:00:00,Pagado,TXN000399,ORD000399,Libelula,439
400,280.00,2025-01-24 10:00:00,Pagado,TXN000400,ORD000400,Libelula,440
401,280.00,2025-01-24 10:00:00,Pagado,TXN000401,ORD000401,Libelula,441
402,280.00,2025-01-24 10:00:00,Pagado,TXN000402,ORD000402,Libelula,442
403,280.00,2025-01-24 10:00:00,Pagado,TXN000403,ORD000403,Libelula,443
404,280.00,2025-01-24 10:00:00,Pagado,TXN000404,ORD000404,Libelula,444
405,280.00,2025-01-24 10:00:00,Pagado,TXN000405,ORD000405,Libelula,445
406,280.00,2025-01-24 10:00:00,Pagado,TXN000406,ORD000406,Libelula,446
407,280.00,2025-01-24 10:00:00,Pagado,TXN000407,ORD000407,Libelula,447
408,280.00,2025-01-24 10:00:00,Pagado,TXN000408,ORD000408,Libelula,448
409,280.00,2025-01-24 10:00:00,Pagado,TXN000409,ORD000409,Libelula,449
410,280.00,2025-01-24 10:00:00,Pagado,TXN000410,ORD000410,Libelula,450
411,280.00,2025-01-24 10:00:00,Pagado,TXN000411,ORD000411,Libelula,451
412,280.00,2025-01-24 10:00:00,Pagado,TXN000412,ORD000412,Libelula,452
413,280.00,2025-01-24 10:00:00,Pagado,TXN000413,ORD000413,Libelula,453
414,280.00,2025-01-24 10:00:00,Pagado,TXN000414,ORD000414,Libelula,454
415,280.00,2025-01-24 10:00:00,Pagado,TXN000415,ORD000415,Libelula,455
416,280.00,2025-01-24 10:00:00,Pagado,TXN000416,ORD000416,Libelula,456
417,280.00,2025-01-24 10:00:00,Pagado,TXN000417,ORD000417,Libelula,457
418,280.00,2025-01-24 10:00:00,Pagado,TXN000418,ORD000418,Libelula,458
419,280.00,2025-01-24 10:00:00,Pagado,TXN000419,ORD000419,Libelula,459
420,280.00,2025-01-24 10:00:00,Pagado,TXN000420,ORD000420,Libelula,460
421,280.00,2025-01-24 10:00:00,Pagado,TXN000421,ORD000421,Libelula,461
422,280.00,2025-01-24 10:00:00,Pagado,TXN000422,ORD000422,Libelula,462
423,280.00,2025-01-24 10:00:00,Pagado,TXN000423,ORD000423,Libelula,463
424,280.00,2025-01-24 10:00:00,Pagado,TXN000424,ORD000424,Libelula,464
425,280.00,2025-01-24 10:00:00,Pagado,TXN000425,ORD000425,Libelula,465
426,280.00,2025-01-24 10:00:00,Pagado,TXN000426,ORD000426,Libelula,466
427,280.00,2025-01-24 10:00:00,Pagado,TXN000427,ORD000427,Libelula,467
428,280.00,2025-01-24 10:00:00,Pagado,TXN000428,ORD000428,Libelula,468
429,280.00,2025-01-24 10:00:00,Pagado,TXN000429,ORD000429,Libelula,469
430,280.00,2025-01-24 10:00:00,Pagado,TXN000430,ORD000430,Libelula,470
431,280.00,2025-01-24 10:00:00,Pagado,TXN000431,ORD000431,Libelula,471
432,280.00,2025-01-24 10:00:00,Pagado,TXN000432,ORD000432,Libelula,472
433,280.00,2025-01-24 10:00:00,Pagado,TXN000433,ORD000433,Libelula,473
434,280.00,2025-01-24 10:00:00,Pagado,TXN000434,ORD000434,Libelula,474
435,280.00,2025-01-24 10:00:00,Pagado,TXN000435,ORD000435,Libelula,475
436,280.00,2025-01-24 10:00:00,Pagado,TXN000436,ORD000436,Libelula,476
437,280.00,2025-01-24 10:00:00,Pagado,TXN000437,ORD000437,Libelula,477
438,280.00,2025-01-24 10:00:00,Pagado,TXN000438,ORD000438,Libelula,478
439,280.00,2025-01-24 10:00:00,Pagado,TXN000439,ORD000439,Libelula,479
440,280.00,2025-01-24 10:00:00,Pagado,TXN000440,ORD000440,Libelula,480
441,280.00,2025-01-24 10:00:00,Pagado,TXN000441,ORD000441,Libelula,481
442,280.00,2025-01-24 10:00:00,Pagado,TXN000442,ORD000442,Libelula,482
443,280.00,2025-01-24 10:00:00,Pagado,TXN000443,ORD000443,Libelula,483
444,280.00,2025-01-24 10:00:00,Pagado,TXN000444,ORD000444,Libelula,484
445,280.00,2025-01-24 10:00:00,Pagado,TXN000445,ORD000445,Libelula,485
446,280.00,2025-01-24 10:00:00,Pagado,TXN000446,ORD000446,Libelula,486
447,280.00,2025-01-24 10:00:00,Pagado,TXN000447,ORD000447,Libelula,487
448,280.00,2025-01-24 10:00:00,Pagado,TXN000448,ORD000448,Libelula,488
449,280.00,2025-01-24 10:00:00,Pagado,TXN000449,ORD000449,Libelula,489
450,280.00,2025-01-24 10:00:00,Pagado,TXN000450,ORD000450,Libelula,490
451,280.00,2025-01-24 10:00:00,Pagado,TXN000451,ORD000451,Libelula,491
452,280.00,2025-01-24 10:00:00,Pagado,TXN000452,ORD000452,Libelula,492
453,280.00,2025-01-24 10:00:00,Pagado,TXN000453,ORD000453,Libelula,493
454,280.00,2025-01-24 10:00:00,Pagado,TXN000454,ORD000454,Libelula,494
455,280.00,2025-01-24 10:00:00,Pagado,TXN000455,ORD000455,Libelula,495
456,280.00,2025-01-24 10:00:00,Pagado,TXN000456,ORD000456,Libelula,496
457,280.00,2025-01-24 10:00:00,Pagado,TXN000457,ORD000457,Libelula,497
458,280.00,2025-01-24 10:00:00,Pagado,TXN000458,ORD000458,Libelula,498
459,280.00,2025-01-24 10:00:00,Pagado,TXN000459,ORD000459,Libelula,499
460,280.00,2025-01-24 10:00:00,Pagado,TXN000460,ORD000460,Libelula,500
461,280.00,2025-01-24 10:00:00,Pagado,TXN000461,ORD000461,Libelula,501
462,280.00,2025-01-24 10:00:00,Pagado,TXN000462,ORD000462,Libelula,502
463,280.00,2025-01-24 10:00:00,Pagado,TXN000463,ORD000463,Libelula,503
464,280.00,2025-01-24 10:00:00,Pagado,TXN000464,ORD000464,Libelula,504
465,280.00,2025-01-24 10:00:00,Pagado,TXN000465,ORD000465,Libelula,505
466,280.00,2025-01-24 10:00:00,Pagado,TXN000466,ORD000466,Libelula,506
467,280.00,2025-01-24 10:00:00,Pagado,TXN000467,ORD000467,Libelula,507
468,280.00,2025-01-24 10:00:00,Pagado,TXN000468,ORD000468,Libelula,508
469,280.00,2025-01-24 10:00:00,Pagado,TXN000469,ORD000469,Libelula,509
470,280.00,2025-01-24 10:00:00,Pagado,TXN000470,ORD000470,Libelula,510
471,280.00,2025-01-24 10:00:00,Pagado,TXN000471,ORD000471,Libelula,511
472,280.00,2025-01-24 10:00:00,Pagado,TXN000472,ORD000472,Libelula,512
473,280.00,2025-01-24 10:00:00,Pagado,TXN000473,ORD000473,Libelula,513
474,280.00,2025-01-24 10:00:00,Pagado,TXN000474,ORD000474,Libelula,514
475,280.00,2025-01-24 10:00:00,Pagado,TXN000475,ORD000475,Libelula,515
476,280.00,2025-01-24 10:00:00,Pagado,TXN000476,ORD000476,Libelula,516
477,280.00,2025-01-24 10:00:00,Pagado,TXN000477,ORD000477,Libelula,517
478,280.00,2025-01-24 10:00:00,Pagado,TXN000478,ORD000478,Libelula,518
479,280.00,2025-01-24 10:00:00,Pagado,TXN000479,ORD000479,Libelula,519
480,280.00,2025-01-24 10:00:00,Pagado,TXN000480,ORD000480,Libelula,520
481,280.00,2025-01-24 10:00:00,Pagado,TXN000481,ORD000481,Libelula,521
482,280.00,2025-01-24 10:00:00,Pagado,TXN000482,ORD000482,Libelula,522
483,280.00,2025-01-24 10:00:00,Pagado,TXN000483,ORD000483,Libelula,523
484,280.00,2025-01-24 10:00:00,Pagado,TXN000484,ORD000484,Libelula,524
485,280.00,2025-01-24 10:00:00,Pagado,TXN000485,ORD000485,Libelula,525
486,280.00,2025-01-24 10:00:00,Pagado,TXN000486,ORD000486,Libelula,526
487,280.00,2025-01-24 10:00:00,Pagado,TXN000487,ORD000487,Libelula,527
488,280.00,2025-01-24 10:00:00,Pagado,TXN000488,ORD000488,Libelula,528
489,280.00,2025-01-24 10:00:00,Pagado,TXN000489,ORD000489,Libelula,529
490,280.00,2025-01-24 10:00:00,Pagado,TXN000490,ORD000490,Libelula,530
491,280.00,2025-01-24 10:00:00,Pagado,TXN000491,ORD000491,Libelula,531
492,280.00,2025-01-24 10:00:00,Pagado,TXN000492,ORD000492,Libelula,532
493,280.00,2025-01-24 10:00:00,Pagado,TXN000493,ORD000493,Libelula,533
494,280.00,2025-01-24 10:00:00,Pagado,TXN000494,ORD000494,Libelula,534
495,280.00,2025-01-24 10:00:00,Pagado,TXN000495,ORD000495,Libelula,535
496,280.00,2025-01-24 10:00:00,Pagado,TXN000496,ORD000496,Libelula,536
497,280.00,2025-01-24 10:00:00,Pagado,TXN000497,ORD000497,Libelula,537
498,280.00,2025-01-24 10:00:00,Pagado,TXN000498,ORD000498,Libelula,538
499,280.00,2025-01-24 10:00:00,Pagado,TXN000499,ORD000499,Libelula,539
500,280.00,2025-01-24 10:00:00,Pagado,TXN000500,ORD000500,Libelula,540
501,280.00,2025-01-24 10:00:00,Pagado,TXN000501,ORD000501,Libelula,541
502,280.00,2025-01-24 10:00:00,Pagado,TXN000502,ORD000502,Libelula,542
503,280.00,2025-01-24 10:00:00,Pagado,TXN000503,ORD000503,Libelula,543
504,280.00,2025-01-24 10:00:00,Pagado,TXN000504,ORD000504,Libelula,544
505,280.00,2025-01-24 10:00:00,Pagado,TXN000505,ORD000505,Libelula,545
506,280.00,2025-01-24 10:00:00,Pagado,TXN000506,ORD000506,Libelula,546
507,280.00,2025-01-24 10:00:00,Pagado,TXN000507,ORD000507,Libelula,547
508,280.00,2025-01-24 10:00:00,Pagado,TXN000508,ORD000508,Libelula,548
509,280.00,2025-01-24 10:00:00,Pagado,TXN000509,ORD000509,Libelula,549
510,280.00,2025-01-24 10:00:00,Pagado,TXN000510,ORD000510,Libelula,550
511,280.00,2025-01-24 10:00:00,Pagado,TXN000511,ORD000511,Libelula,551
512,280.00,2025-01-24 10:00:00,Pagado,TXN000512,ORD000512,Libelula,552
513,280.00,2025-01-24 10:00:00,Pagado,TXN000513,ORD000513,Libelula,553
514,280.00,2025-01-24 10:00:00,Pagado,TXN000514,ORD000514,Libelula,554
515,280.00,2025-01-24 10:00:00,Pagado,TXN000515,ORD000515,Libelula,555
516,280.00,2025-01-24 10:00:00,Pagado,TXN000516,ORD000516,Libelula,556
517,280.00,2025-01-24 10:00:00,Pagado,TXN000517,ORD000517,Libelula,557
518,280.00,2025-01-24 10:00:00,Pagado,TXN000518,ORD000518,Libelula,558
519,280.00,2025-01-24 10:00:00,Pagado,TXN000519,ORD000519,Libelula,559
520,280.00,2025-01-24 10:00:00,Pagado,TXN000520,ORD000520,Libelula,560
521,280.00,2025-01-24 10:00:00,Pagado,TXN000521,ORD000521,Libelula,561
522,280.00,2025-01-24 10:00:00,Pagado,TXN000522,ORD000522,Libelula,562
523,280.00,2025-01-24 10:00:00,Pagado,TXN000523,ORD000523,Libelula,563
524,280.00,2025-01-24 10:00:00,Pagado,TXN000524,ORD000524,Libelula,564
525,280.00,2025-01-24 10:00:00,Pagado,TXN000525,ORD000525,Libelula,565
526,280.00,2025-01-24 10:00:00,Pagado,TXN000526,ORD000526,Libelula,566
527,280.00,2025-01-24 10:00:00,Pagado,TXN000527,ORD000527,Libelula,567
528,280.00,2025-01-24 10:00:00,Pagado,TXN000528,ORD000528,Libelula,568
529,280.00,2025-01-24 10:00:00,Pagado,TXN000529,ORD000529,Libelula,569
530,280.00,2025-01-24 10:00:00,Pagado,TXN000530,ORD000530,Libelula,570
531,280.00,2025-01-24 10:00:00,Pagado,TXN000531,ORD000531,Libelula,571
532,280.00,2025-01-24 10:00:00,Pagado,TXN000532,ORD000532,Libelula,572
533,280.00,2025-01-24 10:00:00,Pagado,TXN000533,ORD000533,Libelula,573
534,280.00,2025-01-24 10:00:00,Pagado,TXN000534,ORD000534,Libelula,574
535,280.00,2025-01-24 10:00:00,Pagado,TXN000535,ORD000535,Libelula,575
536,280.00,2025-01-24 10:00:00,Pagado,TXN000536,ORD000536,Libelula,576
537,280.00,2025-01-24 10:00:00,Pagado,TXN000537,ORD000537,Libelula,577
538,280.00,2025-01-24 10:00:00,Pagado,TXN000538,ORD000538,Libelula,578
539,280.00,2025-01-24 10:00:00,Pagado,TXN000539,ORD000539,Libelula,579
540,280.00,2025-01-24 10:00:00,Pagado,TXN000540,ORD000540,Libelula,580
541,280.00,2025-01-24 10:00:00,Pagado,TXN000541,ORD000541,Libelula,581
542,280.00,2025-01-24 10:00:00,Pagado,TXN000542,ORD000542,Libelula,582
543,280.00,2025-01-24 10:00:00,Pagado,TXN000543,ORD000543,Libelula,583
544,280.00,2025-01-24 10:00:00,Pagado,TXN000544,ORD000544,Libelula,584
545,280.00,2025-01-24 10:00:00,Pagado,TXN000545,ORD000545,Libelula,585
546,280.00,2025-01-24 10:00:00,Pagado,TXN000546,ORD000546,Libelula,586
547,280.00,2025-01-24 10:00:00,Pagado,TXN000547,ORD000547,Libelula,587
548,280.00,2025-01-24 10:00:00,Pagado,TXN000548,ORD000548,Libelula,588
549,280.00,2025-01-24 10:00:00,Pagado,TXN000549,ORD000549,Libelula,589
550,280.00,2025-01-24 10:00:00,Pagado,TXN000550,ORD000550,Libelula,590
551,280.00,2025-01-24 10:00:00,Pagado,TXN000551,ORD000551,Libelula,591
552,280.00,2025-01-24 10:00:00,Pagado,TXN000552,ORD000552,Libelula,592
553,280.00,2025-01-24 10:00:00,Pagado,TXN000553,ORD000553,Libelula,593
554,280.00,2025-01-24 10:00:00,Pagado,TXN000554,ORD000554,Libelula,594
555,280.00,2025-01-24 10:00:00,Pagado,TXN000555,ORD000555,Libelula,595
556,280.00,2025-01-24 10:00:00,Pagado,TXN000556,ORD000556,Libelula,596
557,280.00,2025-01-24 10:00:00,Pagado,TXN000557,ORD000557,Libelula,597
558,280.00,2025-01-24 10:00:00,Pagado,TXN000558,ORD000558,Libelula,598
559,280.00,2025-01-24 10:00:00,Pagado,TXN000559,ORD000559,Libelula,599
560,280.00,2025-01-24 10:00:00,Pagado,TXN000560,ORD000560,Libelula,600
561,280.00,2025-01-24 10:00:00,Pagado,TXN000561,ORD000561,Libelula,601
562,280.00,2025-01-24 10:00:00,Pagado,TXN000562,ORD000562,Libelula,602
563,280.00,2025-01-24 10:00:00,Pagado,TXN000563,ORD000563,Libelula,603
564,280.00,2025-01-24 10:00:00,Pagado,TXN000564,ORD000564,Libelula,604
565,280.00,2025-01-24 10:00:00,Pagado,TXN000565,ORD000565,Libelula,605
566,280.00,2025-01-24 10:00:00,Pagado,TXN000566,ORD000566,Libelula,606
567,280.00,2025-01-24 10:00:00,Pagado,TXN000567,ORD000567,Libelula,607
568,280.00,2025-01-24 10:00:00,Pagado,TXN000568,ORD000568,Libelula,608
569,280.00,2025-01-24 10:00:00,Pagado,TXN000569,ORD000569,Libelula,609
570,280.00,2025-01-24 10:00:00,Pagado,TXN000570,ORD000570,Libelula,610
571,280.00,2025-01-24 10:00:00,Pagado,TXN000571,ORD000571,Libelula,611
572,280.00,2025-01-24 10:00:00,Pagado,TXN000572,ORD000572,Libelula,612
573,280.00,2025-01-24 10:00:00,Pagado,TXN000573,ORD000573,Libelula,613
574,280.00,2025-01-24 10:00:00,Pagado,TXN000574,ORD000574,Libelula,614
575,280.00,2025-01-24 10:00:00,Pagado,TXN000575,ORD000575,Libelula,615
576,280.00,2025-01-24 10:00:00,Pagado,TXN000576,ORD000576,Libelula,616
577,280.00,2025-01-24 10:00:00,Pagado,TXN000577,ORD000577,Libelula,617
578,280.00,2025-01-24 10:00:00,Pagado,TXN000578,ORD000578,Libelula,618
579,280.00,2025-01-24 10:00:00,Pagado,TXN000579,ORD000579,Libelula,619
580,280.00,2025-01-24 10:00:00,Pagado,TXN000580,ORD000580,Libelula,620
581,280.00,2025-01-24 10:00:00,Pagado,TXN000581,ORD000581,Libelula,621
582,280.00,2025-01-24 10:00:00,Pagado,TXN000582,ORD000582,Libelula,622
583,280.00,2025-01-24 10:00:00,Pagado,TXN000583,ORD000583,Libelula,623
584,280.00,2025-01-24 10:00:00,Pagado,TXN000584,ORD000584,Libelula,624
585,280.00,2025-01-24 10:00:00,Pagado,TXN000585,ORD000585,Libelula,625
586,280.00,2025-01-24 10:00:00,Pagado,TXN000586,ORD000586,Libelula,626
587,280.00,2025-01-24 10:00:00,Pagado,TXN000587,ORD000587,Libelula,627
588,280.00,2025-01-24 10:00:00,Pagado,TXN000588,ORD000588,Libelula,628
589,280.00,2025-01-24 10:00:00,Pagado,TXN000589,ORD000589,Libelula,629
590,280.00,2025-01-24 10:00:00,Pagado,TXN000590,ORD000590,Libelula,630
591,280.00,2025-01-24 10:00:00,Pagado,TXN000591,ORD000591,Libelula,631
592,280.00,2025-01-24 10:00:00,Pagado,TXN000592,ORD000592,Libelula,632
593,280.00,2025-01-24 10:00:00,Pagado,TXN000593,ORD000593,Libelula,633
594,280.00,2025-01-24 10:00:00,Pagado,TXN000594,ORD000594,Libelula,634
595,280.00,2025-01-24 10:00:00,Pagado,TXN000595,ORD000595,Libelula,635
596,280.00,2025-01-24 10:00:00,Pagado,TXN000596,ORD000596,Libelula,636
597,280.00,2025-01-24 10:00:00,Pagado,TXN000597,ORD000597,Libelula,637
598,280.00,2025-01-24 10:00:00,Pagado,TXN000598,ORD000598,Libelula,638
599,280.00,2025-01-24 10:00:00,Pagado,TXN000599,ORD000599,Libelula,639
600,280.00,2025-01-24 10:00:00,Pagado,TXN000600,ORD000600,Libelula,640
601,280.00,2025-01-24 10:00:00,Pagado,TXN000601,ORD000601,Libelula,641
602,280.00,2025-01-24 10:00:00,Pagado,TXN000602,ORD000602,Libelula,642
603,280.00,2025-01-24 10:00:00,Pagado,TXN000603,ORD000603,Libelula,643
604,280.00,2025-01-24 10:00:00,Pagado,TXN000604,ORD000604,Libelula,644
605,280.00,2025-01-24 10:00:00,Pagado,TXN000605,ORD000605,Libelula,645
606,280.00,2025-01-24 10:00:00,Pagado,TXN000606,ORD000606,Libelula,646
607,280.00,2025-01-24 10:00:00,Pagado,TXN000607,ORD000607,Libelula,647
608,280.00,2025-01-24 10:00:00,Pagado,TXN000608,ORD000608,Libelula,648
609,280.00,2025-01-24 10:00:00,Pagado,TXN000609,ORD000609,Libelula,649
610,280.00,2025-01-24 10:00:00,Pagado,TXN000610,ORD000610,Libelula,650
611,280.00,2025-01-24 10:00:00,Pagado,TXN000611,ORD000611,Libelula,651
612,280.00,2025-01-24 10:00:00,Pagado,TXN000612,ORD000612,Libelula,652
613,280.00,2025-01-24 10:00:00,Pagado,TXN000613,ORD000613,Libelula,653
614,280.00,2025-01-24 10:00:00,Pagado,TXN000614,ORD000614,Libelula,654
615,280.00,2025-01-24 10:00:00,Pagado,TXN000615,ORD000615,Libelula,655
616,280.00,2025-01-24 10:00:00,Pagado,TXN000616,ORD000616,Libelula,656
617,280.00,2025-01-24 10:00:00,Pagado,TXN000617,ORD000617,Libelula,657
618,280.00,2025-01-24 10:00:00,Pagado,TXN000618,ORD000618,Libelula,658
619,280.00,2025-01-24 10:00:00,Pagado,TXN000619,ORD000619,Libelula,659
620,280.00,2025-01-24 10:00:00,Pagado,TXN000620,ORD000620,Libelula,660
621,300.00,2025-07-15 10:00:00,Pagado,TXN000621,ORD000621,Libelula,661
622,300.00,2025-07-15 10:00:00,Pagado,TXN000622,ORD000622,Libelula,662
623,300.00,2025-07-15 10:00:00,Pagado,TXN000623,ORD000623,Libelula,663
624,300.00,2025-07-15 10:00:00,Pagado,TXN000624,ORD000624,Libelula,664
625,300.00,2025-07-15 10:00:00,Pagado,TXN000625,ORD000625,Libelula,665
626,300.00,2025-07-15 10:00:00,Pagado,TXN000626,ORD000626,Libelula,666
627,300.00,2025-07-15 10:00:00,Pagado,TXN000627,ORD000627,Libelula,667
628,300.00,2025-07-15 10:00:00,Pagado,TXN000628,ORD000628,Libelula,668
629,300.00,2025-07-15 10:00:00,Pagado,TXN000629,ORD000629,Libelula,669
630,300.00,2025-07-15 10:00:00,Pagado,TXN000630,ORD000630,Libelula,670
631,300.00,2025-07-15 10:00:00,Pagado,TXN000631,ORD000631,Libelula,671
632,300.00,2025-07-15 10:00:00,Pagado,TXN000632,ORD000632,Libelula,672
633,300.00,2025-07-15 10:00:00,Pagado,TXN000633,ORD000633,Libelula,673
634,300.00,2025-07-15 10:00:00,Pagado,TXN000634,ORD000634,Libelula,674
635,300.00,2025-07-15 10:00:00,Pagado,TXN000635,ORD000635,Libelula,675
636,300.00,2025-07-15 10:00:00,Pagado,TXN000636,ORD000636,Libelula,676
637,300.00,2025-07-15 10:00:00,Pagado,TXN000637,ORD000637,Libelula,677
638,300.00,2025-07-15 10:00:00,Pagado,TXN000638,ORD000638,Libelula,678
639,300.00,2025-07-15 10:00:00,Pagado,TXN000639,ORD000639,Libelula,679
640,300.00,2025-07-15 10:00:00,Pagado,TXN000640,ORD000640,Libelula,680
641,300.00,2025-07-15 10:00:00,Pagado,TXN000641,ORD000641,Libelula,681
642,300.00,2025-07-15 10:00:00,Pagado,TXN000642,ORD000642,Libelula,682
643,300.00,2025-07-15 10:00:00,Pagado,TXN000643,ORD000643,Libelula,683
644,300.00,2025-07-15 10:00:00,Pagado,TXN000644,ORD000644,Libelula,684
645,300.00,2025-07-15 10:00:00,Pagado,TXN000645,ORD000645,Libelula,685
646,300.00,2025-07-15 10:00:00,Pagado,TXN000646,ORD000646,Libelula,686
647,300.00,2025-07-15 10:00:00,Pagado,TXN000647,ORD000647,Libelula,687
648,300.00,2025-07-15 10:00:00,Pagado,TXN000648,ORD000648,Libelula,688
649,300.00,2025-07-15 10:00:00,Pagado,TXN000649,ORD000649,Libelula,689
650,300.00,2025-07-15 10:00:00,Pagado,TXN000650,ORD000650,Libelula,690
651,300.00,2025-07-15 10:00:00,Pagado,TXN000651,ORD000651,Libelula,691
652,300.00,2025-07-15 10:00:00,Pagado,TXN000652,ORD000652,Libelula,692
653,300.00,2025-07-15 10:00:00,Pagado,TXN000653,ORD000653,Libelula,693
654,300.00,2025-07-15 10:00:00,Pagado,TXN000654,ORD000654,Libelula,694
655,300.00,2025-07-15 10:00:00,Pagado,TXN000655,ORD000655,Libelula,695
656,300.00,2025-07-15 10:00:00,Pagado,TXN000656,ORD000656,Libelula,696
657,300.00,2025-07-15 10:00:00,Pagado,TXN000657,ORD000657,Libelula,697
658,300.00,2025-07-15 10:00:00,Pagado,TXN000658,ORD000658,Libelula,698
659,300.00,2025-07-15 10:00:00,Pagado,TXN000659,ORD000659,Libelula,699
660,300.00,2025-07-15 10:00:00,Pagado,TXN000660,ORD000660,Libelula,700
661,300.00,2025-07-15 10:00:00,Pagado,TXN000661,ORD000661,Libelula,701
662,300.00,2025-07-15 10:00:00,Pagado,TXN000662,ORD000662,Libelula,702
663,300.00,2025-07-15 10:00:00,Pagado,TXN000663,ORD000663,Libelula,703
664,300.00,2025-07-15 10:00:00,Pagado,TXN000664,ORD000664,Libelula,704
665,300.00,2025-07-15 10:00:00,Pagado,TXN000665,ORD000665,Libelula,705
666,300.00,2025-07-15 10:00:00,Pagado,TXN000666,ORD000666,Libelula,706
667,300.00,2025-07-15 10:00:00,Pagado,TXN000667,ORD000667,Libelula,707
668,300.00,2025-07-15 10:00:00,Pagado,TXN000668,ORD000668,Libelula,708
669,300.00,2025-07-15 10:00:00,Pagado,TXN000669,ORD000669,Libelula,709
670,300.00,2025-07-15 10:00:00,Pagado,TXN000670,ORD000670,Libelula,710
671,300.00,2025-07-15 10:00:00,Pagado,TXN000671,ORD000671,Libelula,711
672,300.00,2025-07-15 10:00:00,Pagado,TXN000672,ORD000672,Libelula,712
673,300.00,2025-07-15 10:00:00,Pagado,TXN000673,ORD000673,Libelula,713
674,300.00,2025-07-15 10:00:00,Pagado,TXN000674,ORD000674,Libelula,714
675,300.00,2025-07-15 10:00:00,Pagado,TXN000675,ORD000675,Libelula,715
676,300.00,2025-07-15 10:00:00,Pagado,TXN000676,ORD000676,Libelula,716
677,300.00,2025-07-15 10:00:00,Pagado,TXN000677,ORD000677,Libelula,717
678,300.00,2025-07-15 10:00:00,Pagado,TXN000678,ORD000678,Libelula,718
679,300.00,2025-07-15 10:00:00,Pagado,TXN000679,ORD000679,Libelula,719
680,300.00,2025-07-15 10:00:00,Pagado,TXN000680,ORD000680,Libelula,720
681,300.00,2025-07-15 10:00:00,Pagado,TXN000681,ORD000681,Libelula,721
682,300.00,2025-07-15 10:00:00,Pagado,TXN000682,ORD000682,Libelula,722
683,300.00,2025-07-15 10:00:00,Pagado,TXN000683,ORD000683,Libelula,723
684,300.00,2025-07-15 10:00:00,Pagado,TXN000684,ORD000684,Libelula,724
685,300.00,2025-07-15 10:00:00,Pagado,TXN000685,ORD000685,Libelula,725
686,300.00,2025-07-15 10:00:00,Pagado,TXN000686,ORD000686,Libelula,726
687,300.00,2025-07-15 10:00:00,Pagado,TXN000687,ORD000687,Libelula,727
688,300.00,2025-07-15 10:00:00,Pagado,TXN000688,ORD000688,Libelula,728
689,300.00,2025-07-15 10:00:00,Pagado,TXN000689,ORD000689,Libelula,729
690,300.00,2025-07-15 10:00:00,Pagado,TXN000690,ORD000690,Libelula,730
691,300.00,2025-07-15 10:00:00,Pagado,TXN000691,ORD000691,Libelula,731
692,300.00,2025-07-15 10:00:00,Pagado,TXN000692,ORD000692,Libelula,732
693,300.00,2025-07-15 10:00:00,Pagado,TXN000693,ORD000693,Libelula,733
694,300.00,2025-07-15 10:00:00,Pagado,TXN000694,ORD000694,Libelula,734
695,300.00,2025-07-15 10:00:00,Pagado,TXN000695,ORD000695,Libelula,735
696,300.00,2025-07-15 10:00:00,Pagado,TXN000696,ORD000696,Libelula,736
697,300.00,2025-07-15 10:00:00,Pagado,TXN000697,ORD000697,Libelula,737
698,300.00,2025-07-15 10:00:00,Pagado,TXN000698,ORD000698,Libelula,738
699,300.00,2025-07-15 10:00:00,Pagado,TXN000699,ORD000699,Libelula,739
700,300.00,2025-07-15 10:00:00,Pagado,TXN000700,ORD000700,Libelula,740
701,300.00,2025-07-15 10:00:00,Pagado,TXN000701,ORD000701,Libelula,741
702,300.00,2025-07-15 10:00:00,Pagado,TXN000702,ORD000702,Libelula,742
703,300.00,2025-07-15 10:00:00,Pagado,TXN000703,ORD000703,Libelula,743
704,300.00,2025-07-15 10:00:00,Pagado,TXN000704,ORD000704,Libelula,744
705,300.00,2025-07-15 10:00:00,Pagado,TXN000705,ORD000705,Libelula,745
706,300.00,2025-07-15 10:00:00,Pagado,TXN000706,ORD000706,Libelula,746
707,300.00,2025-07-15 10:00:00,Pagado,TXN000707,ORD000707,Libelula,747
708,300.00,2025-07-15 10:00:00,Pagado,TXN000708,ORD000708,Libelula,748
709,300.00,2025-07-15 10:00:00,Pagado,TXN000709,ORD000709,Libelula,749
710,300.00,2025-07-15 10:00:00,Pagado,TXN000710,ORD000710,Libelula,750
711,300.00,2025-07-15 10:00:00,Pagado,TXN000711,ORD000711,Libelula,751
712,300.00,2025-07-15 10:00:00,Pagado,TXN000712,ORD000712,Libelula,752
713,300.00,2025-07-15 10:00:00,Pagado,TXN000713,ORD000713,Libelula,753
714,300.00,2025-07-15 10:00:00,Pagado,TXN000714,ORD000714,Libelula,754
715,300.00,2025-07-15 10:00:00,Pagado,TXN000715,ORD000715,Libelula,755
716,300.00,2025-07-15 10:00:00,Pagado,TXN000716,ORD000716,Libelula,756
717,300.00,2025-07-15 10:00:00,Pagado,TXN000717,ORD000717,Libelula,757
718,300.00,2025-07-15 10:00:00,Pagado,TXN000718,ORD000718,Libelula,758
719,300.00,2025-07-15 10:00:00,Pagado,TXN000719,ORD000719,Libelula,759
720,300.00,2025-07-15 10:00:00,Pagado,TXN000720,ORD000720,Libelula,760
721,300.00,2025-07-15 10:00:00,Pagado,TXN000721,ORD000721,Libelula,761
722,300.00,2025-07-15 10:00:00,Pagado,TXN000722,ORD000722,Libelula,762
723,300.00,2025-07-15 10:00:00,Pagado,TXN000723,ORD000723,Libelula,763
724,300.00,2025-07-15 10:00:00,Pagado,TXN000724,ORD000724,Libelula,764
725,300.00,2025-07-15 10:00:00,Pagado,TXN000725,ORD000725,Libelula,765
726,300.00,2025-07-15 10:00:00,Pagado,TXN000726,ORD000726,Libelula,766
727,300.00,2025-07-15 10:00:00,Pagado,TXN000727,ORD000727,Libelula,767
728,300.00,2025-07-15 10:00:00,Pagado,TXN000728,ORD000728,Libelula,768
729,300.00,2025-07-15 10:00:00,Pagado,TXN000729,ORD000729,Libelula,769
730,300.00,2025-07-15 10:00:00,Pagado,TXN000730,ORD000730,Libelula,770
731,300.00,2025-07-15 10:00:00,Pagado,TXN000731,ORD000731,Libelula,771
732,300.00,2025-07-15 10:00:00,Pagado,TXN000732,ORD000732,Libelula,772
733,300.00,2025-07-15 10:00:00,Pagado,TXN000733,ORD000733,Libelula,773
734,300.00,2025-07-15 10:00:00,Pagado,TXN000734,ORD000734,Libelula,774
735,300.00,2025-07-15 10:00:00,Pagado,TXN000735,ORD000735,Libelula,775
736,300.00,2025-07-15 10:00:00,Pagado,TXN000736,ORD000736,Libelula,776
737,300.00,2025-07-15 10:00:00,Pagado,TXN000737,ORD000737,Libelula,777
738,300.00,2025-07-15 10:00:00,Pagado,TXN000738,ORD000738,Libelula,778
739,300.00,2025-07-15 10:00:00,Pagado,TXN000739,ORD000739,Libelula,779
740,300.00,2025-07-15 10:00:00,Pagado,TXN000740,ORD000740,Libelula,780
741,300.00,2025-07-15 10:00:00,Pagado,TXN000741,ORD000741,Libelula,781
742,300.00,2025-07-15 10:00:00,Pagado,TXN000742,ORD000742,Libelula,782
743,300.00,2025-07-15 10:00:00,Pagado,TXN000743,ORD000743,Libelula,783
744,300.00,2025-07-15 10:00:00,Pagado,TXN000744,ORD000744,Libelula,784
745,300.00,2025-07-15 10:00:00,Pagado,TXN000745,ORD000745,Libelula,785
746,300.00,2025-07-15 10:00:00,Pagado,TXN000746,ORD000746,Libelula,786
747,300.00,2025-07-15 10:00:00,Pagado,TXN000747,ORD000747,Libelula,787
748,300.00,2025-07-15 10:00:00,Pagado,TXN000748,ORD000748,Libelula,788
749,300.00,2025-07-15 10:00:00,Pagado,TXN000749,ORD000749,Libelula,789
750,300.00,2025-07-15 10:00:00,Pagado,TXN000750,ORD000750,Libelula,790
751,300.00,2025-07-15 10:00:00,Pagado,TXN000751,ORD000751,Libelula,791
752,300.00,2025-07-15 10:00:00,Pagado,TXN000752,ORD000752,Libelula,792
753,300.00,2025-07-15 10:00:00,Pagado,TXN000753,ORD000753,Libelula,793
754,300.00,2025-07-15 10:00:00,Pagado,TXN000754,ORD000754,Libelula,794
755,300.00,2025-07-15 10:00:00,Pagado,TXN000755,ORD000755,Libelula,795
756,300.00,2025-07-15 10:00:00,Pagado,TXN000756,ORD000756,Libelula,796
757,300.00,2025-07-15 10:00:00,Pagado,TXN000757,ORD000757,Libelula,797
758,300.00,2025-07-15 10:00:00,Pagado,TXN000758,ORD000758,Libelula,798
759,300.00,2025-07-15 10:00:00,Pagado,TXN000759,ORD000759,Libelula,799
760,300.00,2025-07-15 10:00:00,Pagado,TXN000760,ORD000760,Libelula,800
761,300.00,2025-07-15 10:00:00,Pagado,TXN000761,ORD000761,Libelula,801
762,300.00,2025-07-15 10:00:00,Pagado,TXN000762,ORD000762,Libelula,802
763,300.00,2025-07-15 10:00:00,Pagado,TXN000763,ORD000763,Libelula,803
764,300.00,2025-07-15 10:00:00,Pagado,TXN000764,ORD000764,Libelula,804
765,300.00,2025-07-15 10:00:00,Pagado,TXN000765,ORD000765,Libelula,805
766,300.00,2025-07-15 10:00:00,Pagado,TXN000766,ORD000766,Libelula,806
767,300.00,2025-07-15 10:00:00,Pagado,TXN000767,ORD000767,Libelula,807
768,300.00,2025-07-15 10:00:00,Pagado,TXN000768,ORD000768,Libelula,808
769,300.00,2025-07-15 10:00:00,Pagado,TXN000769,ORD000769,Libelula,809
770,300.00,2025-07-15 10:00:00,Pagado,TXN000770,ORD000770,Libelula,810
771,300.00,2025-07-15 10:00:00,Pagado,TXN000771,ORD000771,Libelula,811
772,300.00,2025-07-15 10:00:00,Pagado,TXN000772,ORD000772,Libelula,812
773,300.00,2025-07-15 10:00:00,Pagado,TXN000773,ORD000773,Libelula,813
774,300.00,2025-07-15 10:00:00,Pagado,TXN000774,ORD000774,Libelula,814
775,300.00,2025-07-15 10:00:00,Pagado,TXN000775,ORD000775,Libelula,815
776,300.00,2025-07-15 10:00:00,Pagado,TXN000776,ORD000776,Libelula,816
777,300.00,2025-07-15 10:00:00,Pagado,TXN000777,ORD000777,Libelula,817
778,300.00,2025-07-15 10:00:00,Pagado,TXN000778,ORD000778,Libelula,818
779,300.00,2025-07-15 10:00:00,Pagado,TXN000779,ORD000779,Libelula,819
780,300.00,2025-07-15 10:00:00,Pagado,TXN000780,ORD000780,Libelula,820
781,300.00,2025-07-15 10:00:00,Pagado,TXN000781,ORD000781,Libelula,821
782,300.00,2025-07-15 10:00:00,Pagado,TXN000782,ORD000782,Libelula,822
783,300.00,2025-07-15 10:00:00,Pagado,TXN000783,ORD000783,Libelula,823
784,300.00,2025-07-15 10:00:00,Pagado,TXN000784,ORD000784,Libelula,824
785,300.00,2025-07-15 10:00:00,Pagado,TXN000785,ORD000785,Libelula,825
786,300.00,2025-07-15 10:00:00,Pagado,TXN000786,ORD000786,Libelula,826
787,300.00,2025-07-15 10:00:00,Pagado,TXN000787,ORD000787,Libelula,827
788,300.00,2025-07-15 10:00:00,Pagado,TXN000788,ORD000788,Libelula,828
789,300.00,2025-07-15 10:00:00,Pagado,TXN000789,ORD000789,Libelula,829
790,300.00,2025-07-15 10:00:00,Pagado,TXN000790,ORD000790,Libelula,830
791,300.00,2025-07-15 10:00:00,Pagado,TXN000791,ORD000791,Libelula,831
792,300.00,2025-07-15 10:00:00,Pagado,TXN000792,ORD000792,Libelula,832
793,300.00,2025-07-15 10:00:00,Pagado,TXN000793,ORD000793,Libelula,833
794,300.00,2025-07-15 10:00:00,Pagado,TXN000794,ORD000794,Libelula,834
795,300.00,2025-07-15 10:00:00,Pagado,TXN000795,ORD000795,Libelula,835
796,300.00,2025-07-15 10:00:00,Pagado,TXN000796,ORD000796,Libelula,836
797,300.00,2025-07-15 10:00:00,Pagado,TXN000797,ORD000797,Libelula,837
798,300.00,2025-07-15 10:00:00,Pagado,TXN000798,ORD000798,Libelula,838
799,300.00,2025-07-15 10:00:00,Pagado,TXN000799,ORD000799,Libelula,839
800,300.00,2025-07-15 10:00:00,Pagado,TXN000800,ORD000800,Libelula,840
801,300.00,2025-07-15 10:00:00,Pagado,TXN000801,ORD000801,Libelula,841
802,300.00,2025-07-15 10:00:00,Pagado,TXN000802,ORD000802,Libelula,842
803,300.00,2025-07-15 10:00:00,Pagado,TXN000803,ORD000803,Libelula,843
804,300.00,2025-07-15 10:00:00,Pagado,TXN000804,ORD000804,Libelula,844
805,300.00,2025-07-15 10:00:00,Pagado,TXN000805,ORD000805,Libelula,845
806,300.00,2025-07-15 10:00:00,Pagado,TXN000806,ORD000806,Libelula,846
807,300.00,2025-07-15 10:00:00,Pagado,TXN000807,ORD000807,Libelula,847
808,300.00,2025-07-15 10:00:00,Pagado,TXN000808,ORD000808,Libelula,848
809,300.00,2025-07-15 10:00:00,Pagado,TXN000809,ORD000809,Libelula,849
810,300.00,2025-07-15 10:00:00,Pagado,TXN000810,ORD000810,Libelula,850
811,300.00,2025-07-15 10:00:00,Pagado,TXN000811,ORD000811,Libelula,851
812,300.00,2025-07-15 10:00:00,Pagado,TXN000812,ORD000812,Libelula,852
813,300.00,2025-07-15 10:00:00,Pagado,TXN000813,ORD000813,Libelula,853
814,300.00,2025-07-15 10:00:00,Pagado,TXN000814,ORD000814,Libelula,854
815,300.00,2025-07-15 10:00:00,Pagado,TXN000815,ORD000815,Libelula,855
816,300.00,2025-07-15 10:00:00,Pagado,TXN000816,ORD000816,Libelula,856
817,300.00,2025-07-15 10:00:00,Pagado,TXN000817,ORD000817,Libelula,857
818,300.00,2025-07-15 10:00:00,Pagado,TXN000818,ORD000818,Libelula,858
819,300.00,2025-07-15 10:00:00,Pagado,TXN000819,ORD000819,Libelula,859
820,300.00,2025-07-15 10:00:00,Pagado,TXN000820,ORD000820,Libelula,860
821,300.00,2025-07-15 10:00:00,Pagado,TXN000821,ORD000821,Libelula,861
822,300.00,2025-07-15 10:00:00,Pagado,TXN000822,ORD000822,Libelula,862
823,300.00,2025-07-15 10:00:00,Pagado,TXN000823,ORD000823,Libelula,863
824,300.00,2025-07-15 10:00:00,Pagado,TXN000824,ORD000824,Libelula,864
825,300.00,2025-07-15 10:00:00,Pagado,TXN000825,ORD000825,Libelula,865
826,300.00,2025-07-15 10:00:00,Pagado,TXN000826,ORD000826,Libelula,866
827,300.00,2025-07-15 10:00:00,Pagado,TXN000827,ORD000827,Libelula,867
828,300.00,2025-07-15 10:00:00,Pagado,TXN000828,ORD000828,Libelula,868
829,300.00,2025-07-15 10:00:00,Pagado,TXN000829,ORD000829,Libelula,869
830,300.00,2025-07-15 10:00:00,Pagado,TXN000830,ORD000830,Libelula,870
831,300.00,2025-07-15 10:00:00,Pagado,TXN000831,ORD000831,Libelula,871
832,300.00,2025-07-15 10:00:00,Pagado,TXN000832,ORD000832,Libelula,872
833,300.00,2025-07-15 10:00:00,Pagado,TXN000833,ORD000833,Libelula,873
834,300.00,2025-07-15 10:00:00,Pagado,TXN000834,ORD000834,Libelula,874
835,300.00,2025-07-15 10:00:00,Pagado,TXN000835,ORD000835,Libelula,875
836,300.00,2025-07-15 10:00:00,Pagado,TXN000836,ORD000836,Libelula,876
837,300.00,2025-07-15 10:00:00,Pagado,TXN000837,ORD000837,Libelula,877
838,300.00,2025-07-15 10:00:00,Pagado,TXN000838,ORD000838,Libelula,878
839,300.00,2025-07-15 10:00:00,Pagado,TXN000839,ORD000839,Libelula,879
840,300.00,2025-07-15 10:00:00,Pagado,TXN000840,ORD000840,Libelula,880
841,300.00,2025-07-15 10:00:00,Pagado,TXN000841,ORD000841,Libelula,881
842,300.00,2025-07-15 10:00:00,Pagado,TXN000842,ORD000842,Libelula,882
843,300.00,2025-07-15 10:00:00,Pagado,TXN000843,ORD000843,Libelula,883
844,300.00,2025-07-15 10:00:00,Pagado,TXN000844,ORD000844,Libelula,884
845,300.00,2025-07-15 10:00:00,Pagado,TXN000845,ORD000845,Libelula,885
846,300.00,2025-07-15 10:00:00,Pagado,TXN000846,ORD000846,Libelula,886
847,300.00,2025-07-15 10:00:00,Pagado,TXN000847,ORD000847,Libelula,887
848,300.00,2025-07-15 10:00:00,Pagado,TXN000848,ORD000848,Libelula,888
849,300.00,2025-07-15 10:00:00,Pagado,TXN000849,ORD000849,Libelula,889
850,300.00,2025-07-15 10:00:00,Pagado,TXN000850,ORD000850,Libelula,890
851,300.00,2025-07-15 10:00:00,Pagado,TXN000851,ORD000851,Libelula,891
852,300.00,2025-07-15 10:00:00,Pagado,TXN000852,ORD000852,Libelula,892
853,300.00,2025-07-15 10:00:00,Pagado,TXN000853,ORD000853,Libelula,893
854,300.00,2025-07-15 10:00:00,Pagado,TXN000854,ORD000854,Libelula,894
855,300.00,2025-07-15 10:00:00,Pagado,TXN000855,ORD000855,Libelula,895
856,300.00,2025-07-15 10:00:00,Pagado,TXN000856,ORD000856,Libelula,896
857,300.00,2025-07-15 10:00:00,Pagado,TXN000857,ORD000857,Libelula,897
858,300.00,2025-07-15 10:00:00,Pagado,TXN000858,ORD000858,Libelula,898
859,300.00,2025-07-15 10:00:00,Pagado,TXN000859,ORD000859,Libelula,899
860,300.00,2025-07-15 10:00:00,Pagado,TXN000860,ORD000860,Libelula,900
861,300.00,2025-07-15 10:00:00,Pagado,TXN000861,ORD000861,Libelula,901
862,300.00,2025-07-15 10:00:00,Pagado,TXN000862,ORD000862,Libelula,902
863,300.00,2025-07-15 10:00:00,Pagado,TXN000863,ORD000863,Libelula,903
864,300.00,2025-07-15 10:00:00,Pagado,TXN000864,ORD000864,Libelula,904
865,300.00,2025-07-15 10:00:00,Pagado,TXN000865,ORD000865,Libelula,905
866,300.00,2025-07-15 10:00:00,Pagado,TXN000866,ORD000866,Libelula,906
867,300.00,2025-07-15 10:00:00,Pagado,TXN000867,ORD000867,Libelula,907
868,300.00,2025-07-15 10:00:00,Pagado,TXN000868,ORD000868,Libelula,908
869,300.00,2025-07-15 10:00:00,Pagado,TXN000869,ORD000869,Libelula,909
870,300.00,2025-07-15 10:00:00,Pagado,TXN000870,ORD000870,Libelula,910
871,300.00,2025-07-15 10:00:00,Pagado,TXN000871,ORD000871,Libelula,911
872,300.00,2025-07-15 10:00:00,Pagado,TXN000872,ORD000872,Libelula,912
873,300.00,2025-07-15 10:00:00,Pagado,TXN000873,ORD000873,Libelula,913
874,300.00,2025-07-15 10:00:00,Pagado,TXN000874,ORD000874,Libelula,914
875,300.00,2025-07-15 10:00:00,Pagado,TXN000875,ORD000875,Libelula,915
876,300.00,2025-07-15 10:00:00,Pagado,TXN000876,ORD000876,Libelula,916
877,300.00,2025-07-15 10:00:00,Pagado,TXN000877,ORD000877,Libelula,917
878,300.00,2025-07-15 10:00:00,Pagado,TXN000878,ORD000878,Libelula,918
879,300.00,2025-07-15 10:00:00,Pagado,TXN000879,ORD000879,Libelula,919
880,300.00,2025-07-15 10:00:00,Pagado,TXN000880,ORD000880,Libelula,920
881,300.00,2025-07-15 10:00:00,Pagado,TXN000881,ORD000881,Libelula,921
882,300.00,2025-07-15 10:00:00,Pagado,TXN000882,ORD000882,Libelula,922
883,300.00,2025-07-15 10:00:00,Pagado,TXN000883,ORD000883,Libelula,923
884,300.00,2025-07-15 10:00:00,Pagado,TXN000884,ORD000884,Libelula,924
885,300.00,2025-07-15 10:00:00,Pagado,TXN000885,ORD000885,Libelula,925
886,300.00,2025-07-15 10:00:00,Pagado,TXN000886,ORD000886,Libelula,926
887,300.00,2025-07-15 10:00:00,Pagado,TXN000887,ORD000887,Libelula,927
888,300.00,2025-07-15 10:00:00,Pagado,TXN000888,ORD000888,Libelula,928
889,300.00,2025-07-15 10:00:00,Pagado,TXN000889,ORD000889,Libelula,929
890,300.00,2025-07-15 10:00:00,Pagado,TXN000890,ORD000890,Libelula,930
891,300.00,2025-07-15 10:00:00,Pagado,TXN000891,ORD000891,Libelula,931
892,300.00,2025-07-15 10:00:00,Pagado,TXN000892,ORD000892,Libelula,932
893,300.00,2025-07-15 10:00:00,Pagado,TXN000893,ORD000893,Libelula,933
894,300.00,2025-07-15 10:00:00,Pagado,TXN000894,ORD000894,Libelula,934
895,300.00,2025-07-15 10:00:00,Pagado,TXN000895,ORD000895,Libelula,935
896,300.00,2025-07-15 10:00:00,Pagado,TXN000896,ORD000896,Libelula,936
897,300.00,2025-07-15 10:00:00,Pagado,TXN000897,ORD000897,Libelula,937
898,300.00,2025-07-15 10:00:00,Pagado,TXN000898,ORD000898,Libelula,938
899,300.00,2025-07-15 10:00:00,Pagado,TXN000899,ORD000899,Libelula,939
900,300.00,2025-07-15 10:00:00,Pagado,TXN000900,ORD000900,Libelula,940
901,300.00,2025-07-15 10:00:00,Pagado,TXN000901,ORD000901,Libelula,941
902,300.00,2025-07-15 10:00:00,Pagado,TXN000902,ORD000902,Libelula,942
903,300.00,2025-07-15 10:00:00,Pagado,TXN000903,ORD000903,Libelula,943
904,300.00,2025-07-15 10:00:00,Pagado,TXN000904,ORD000904,Libelula,944
905,300.00,2025-07-15 10:00:00,Pagado,TXN000905,ORD000905,Libelula,945
906,300.00,2025-07-15 10:00:00,Pagado,TXN000906,ORD000906,Libelula,946
907,300.00,2025-07-15 10:00:00,Pagado,TXN000907,ORD000907,Libelula,947
908,300.00,2025-07-15 10:00:00,Pagado,TXN000908,ORD000908,Libelula,948
909,300.00,2025-07-15 10:00:00,Pagado,TXN000909,ORD000909,Libelula,949
910,300.00,2025-07-15 10:00:00,Pagado,TXN000910,ORD000910,Libelula,950
911,300.00,2025-07-15 10:00:00,Pagado,TXN000911,ORD000911,Libelula,951
912,300.00,2025-07-15 10:00:00,Pagado,TXN000912,ORD000912,Libelula,952
913,300.00,2025-07-15 10:00:00,Pagado,TXN000913,ORD000913,Libelula,953
914,300.00,2025-07-15 10:00:00,Pagado,TXN000914,ORD000914,Libelula,954
915,300.00,2025-07-15 10:00:00,Pagado,TXN000915,ORD000915,Libelula,955
916,300.00,2025-07-15 10:00:00,Pagado,TXN000916,ORD000916,Libelula,956
917,300.00,2025-07-15 10:00:00,Pagado,TXN000917,ORD000917,Libelula,957
918,300.00,2025-07-15 10:00:00,Pagado,TXN000918,ORD000918,Libelula,958
919,300.00,2025-07-15 10:00:00,Pagado,TXN000919,ORD000919,Libelula,959
920,300.00,2025-07-15 10:00:00,Pagado,TXN000920,ORD000920,Libelula,960
921,300.00,2025-07-15 10:00:00,Pagado,TXN000921,ORD000921,Libelula,961
922,300.00,2025-07-15 10:00:00,Pagado,TXN000922,ORD000922,Libelula,962
923,300.00,2025-07-15 10:00:00,Pagado,TXN000923,ORD000923,Libelula,963
924,300.00,2025-07-15 10:00:00,Pagado,TXN000924,ORD000924,Libelula,964
925,300.00,2025-07-15 10:00:00,Pagado,TXN000925,ORD000925,Libelula,965
926,300.00,2025-07-15 10:00:00,Pagado,TXN000926,ORD000926,Libelula,966
927,300.00,2025-07-15 10:00:00,Pagado,TXN000927,ORD000927,Libelula,967
928,300.00,2025-07-15 10:00:00,Pagado,TXN000928,ORD000928,Libelula,968
929,300.00,2025-07-15 10:00:00,Pagado,TXN000929,ORD000929,Libelula,969
930,300.00,2025-07-15 10:00:00,Pagado,TXN000930,ORD000930,Libelula,970
931,300.00,2025-07-15 10:00:00,Pagado,TXN000931,ORD000931,Libelula,971
932,300.00,2025-07-15 10:00:00,Pagado,TXN000932,ORD000932,Libelula,972
933,300.00,2025-07-15 10:00:00,Pagado,TXN000933,ORD000933,Libelula,973
934,300.00,2025-07-15 10:00:00,Pagado,TXN000934,ORD000934,Libelula,974
935,300.00,2025-07-15 10:00:00,Pagado,TXN000935,ORD000935,Libelula,975
936,300.00,2025-07-15 10:00:00,Pagado,TXN000936,ORD000936,Libelula,976
937,300.00,2025-07-15 10:00:00,Pagado,TXN000937,ORD000937,Libelula,977
938,300.00,2025-07-15 10:00:00,Pagado,TXN000938,ORD000938,Libelula,978
939,300.00,2025-07-15 10:00:00,Pagado,TXN000939,ORD000939,Libelula,979
940,300.00,2025-07-15 10:00:00,Pagado,TXN000940,ORD000940,Libelula,980
941,300.00,2025-07-15 10:00:00,Pagado,TXN000941,ORD000941,Libelula,981
942,300.00,2025-07-15 10:00:00,Pagado,TXN000942,ORD000942,Libelula,982
943,300.00,2025-07-15 10:00:00,Pagado,TXN000943,ORD000943,Libelula,983
944,300.00,2025-07-15 10:00:00,Pagado,TXN000944,ORD000944,Libelula,984
945,300.00,2025-07-15 10:00:00,Pagado,TXN000945,ORD000945,Libelula,985
946,300.00,2025-07-15 10:00:00,Pagado,TXN000946,ORD000946,Libelula,986
947,300.00,2025-07-15 10:00:00,Pagado,TXN000947,ORD000947,Libelula,987
948,300.00,2025-07-15 10:00:00,Pagado,TXN000948,ORD000948,Libelula,988
949,300.00,2025-07-15 10:00:00,Pagado,TXN000949,ORD000949,Libelula,989
950,300.00,2025-07-15 10:00:00,Pagado,TXN000950,ORD000950,Libelula,990
951,300.00,2025-07-15 10:00:00,Pagado,TXN000951,ORD000951,Libelula,991
952,300.00,2025-07-15 10:00:00,Pagado,TXN000952,ORD000952,Libelula,992
953,300.00,2025-07-15 10:00:00,Pagado,TXN000953,ORD000953,Libelula,993
954,300.00,2025-07-15 10:00:00,Pagado,TXN000954,ORD000954,Libelula,994
955,300.00,2025-07-15 10:00:00,Pagado,TXN000955,ORD000955,Libelula,995
956,300.00,2025-07-15 10:00:00,Pagado,TXN000956,ORD000956,Libelula,996
957,300.00,2025-07-15 10:00:00,Pagado,TXN000957,ORD000957,Libelula,997
958,300.00,2025-07-15 10:00:00,Pagado,TXN000958,ORD000958,Libelula,998
959,300.00,2025-07-15 10:00:00,Pagado,TXN000959,ORD000959,Libelula,999
960,300.00,2025-07-15 10:00:00,Pagado,TXN000960,ORD000960,Libelula,1000
